user_id,business_id,star
PfpRvMAESbC2bC8FUIMdNg,Kbbm6Vd5UdbP10dwjBghRw,2
oaaEXgQ3x51cXE3GTXrT1Q,2GmGT-7QjowR1ihup3FbVA,3
yT_QCcnq-QGipWWuzIpvtw,pOEL97ld-FJMKO8Ki8JmYg,3
fRVNHAl2RjosC67Y67G3cA,UkWme3kwg6L9rd4tCNB15w,2
48vRThjhuhiSQINQ2KV8Sw,LNGBEEelQx4zbfWnlc66cw,2
q5FQmuXxzPEsvEtA_Mvd1w,fSBhe0A6Dfa8JCYccfpMog,3
W0VE9M7Dikrpol8j1_QqyQ,3oTVApC-eUzpGjrOVxIr5g,3
avmRUkWovTsaDqKiNKdivQ,wUKzaS1MHg94RGM6z8u9mw,2
NjLRgbRZiwEIMpAgXypJtw,cTZmf7B-4yciMc1WKiCVOA,3
76vIFZcC7owykCBjMfGVXg,KkmPDIWzvwbBpyqOHT6pcQ,3
ERcsc0YO5CCUbkC8EV2INg,hDyc9DdjGldhxis5E1rd3w,2
FOoN3DJzDUnl4EAQaTJIGg,dEAk-gE-5Q95a7p91gNn8A,2
_VMGbmIeK71rQGwOBWt_Kg,beuVp5CZxCdNvQIIPBS2rw,3
veeaBpjDwo-xfHSz3z3PWg,Q0EZmATxDphzRMszNV2LVg,2
1i3WvtGsIW8FGOFLvHHFMw,xjjxHavx4RIiW6zS6rasGA,4
WXDj6mmyrJi5q5nHKJ6H7w,2LNnIARy-lGmrlEMZSxZ1w,3
UrQw8IyTOAAlokN-SMK3_Q,LVLctMJ018ShlsFkIuYGTg,3
ciXjBfJrAEteIKpzZg4I9g,WCqcYtJ4rUxA4bIzjOfzqg,4
Znid_azpcHmdRMHGicmkWA,XwmJBX-BMUq47zYaUeYjug,3
4V6vZgVCfEfYwXFK3tnTQQ,RrCgc8eAKbHu-2IpQXg6Rw,3
6GT6kAIyCT9MA7y1ZN_PUw,8-_jXGGDFPFAPB4r1x-81w,2
pWEzY3YY0zEAJLlGSSucrQ,VfFHPsPtTW4Mgx0eHDyJiQ,2
nXMMoDzXRByQiWH9cf-FAQ,URFhSrJPk7JM2pUtsuWsAg,2
LDu8Kn3k1CZHY5sEq3bLPQ,-LzUYsR54hd8cCiYXTquRA,2
niKu4se6xtf-ctlm0udr1w,mnwRtuVQEsIUomBchu0gwg,2
1sGYXSkJHPhJ6wQtc-RbZw,dg5cg298SXZVMo4ZEwSUtg,2
22dqLO1If5t3j06a2gd7lA,9a3DrZvpYxVs3k_qwlCNSw,2
owlUazXSDLaxlOV7z8181g,kbaXNZLUyVuWbeQxH-NNKw,2
TprC8sujz8MkwuomrqUSiw,P7pxQFqr7yBKMMI2J51udw,2
ACMYTmlycF2-HgSZ8lyC0A,S599hCA4kJJO3_b6SRFKoA,3
bhJ6ivAuSpgXP4JiKWjSZQ,W2CzAePJakvARgoQuohbOA,2
TdYKJgSgY2GF_YJnwsi5yQ,So132GP_uy3XbGs0KNyzyw,3
y3FcL4bLy0eLlkb0SDPnBQ,UYh1N1xQhOh-a7nX92xPzQ,2
TUOj8sUc4eyEe35ZUZN4ZQ,w12x7UBSSRsdbp3ZqguG3Q,3
3nDUQBjKyVor5wV0reJChg,gJd1jOcl5FdqY020Q19n6Q,3
5Wg5OanfZ4-2dCxEo-qjsw,UYh1N1xQhOh-a7nX92xPzQ,2
-C-l8EHSLXtZZVfUAUhsPA,p8HvhJZ-_EHhmUVmZN15gg,2
v3YOx9T4jRSw8XP9Rd9H4g,qqs7LP4TXAoOrSlaKRfz3A,2
6jz_Yr6_AP2WWLbj9gGDpA,Jsfag1tWh3I408hDTcA7EQ,2
PFENoZUD77aioJGrnllIKA,XXW_OFaYQkkGOGniujZFHg,2
v6SrDjzqb3oS6CbHB0xjPw,2skQeu3C36VCiB653MIfrw,3
cMEtAiW60I5wE_vLfTxoJQ,SkO0Kd4_bO4VWTzCa_k8_g,3
9PODl32fViCXhN4NxBdGPQ,hIUKufhwR6Ifn7bi0-phLA,3
iAevEfcmtCr2cpd6IRqnTA,5LNZ67Yw9RD6nf4_UhXOjw,2
kmE8w5Y785eZmodsx0V6Ag,JmI9nslLD7KZqRr__Bg6NQ,2
V6Cjj3SVmMqCrr6uJqvlPw,n7V4cD-KqqE3OXk0irJTyA,2
loG8W6cOsNFollQeGYO-Ew,TtbCOwOpNNzE7fW5CFwyng,3
ELcQDlf69kb-ihJfxZyL0A,_n3w5BK4-k7iXCWifCjUZg,3
m1X96vPIYRja96l0O0G-3Q,uKKNw68mZZaa1jcyszEbyA,2
SCo1UBoeN3bhRMkSYuiX1A,xR1gLCH5resvtq1eV1nebg,3
9pNcdrQLWWrX0vEGGJlEbg,vUnmi0uI8p35RxYAEH4Nlw,3
5RhE6tDc2xH6ySYGiSjiGQ,QCCVxVRt1amqv0AaEWSKkg,3
B1829_hxXSEpDPEDJtYeIw,C6C_dc78Zhzei9wrZs-tdQ,2
CUMaqXDakJeMTkUjpI8FxA,KQfNXddjM-sinrmWrFiSyQ,2
BQkC6RneYfvfG6wRe0hsvQ,LNGBEEelQx4zbfWnlc66cw,2
UvY0E6Wuhv_0Bita52RPOw,XE6kf2bviFBdGmVI_SJpmA,2
0nOIH8qIMnmZdLCTemnRsw,A-uZAD4zP3rRxb44WUGV5w,2
d_TBs6J3twMy9GChqUEXkg,poYsvuOmVDqF4dTnjJ780A,2
7L8utEpYiVj3pNNjZkQaLQ,Gt4z3AylNTsEPDkzkaC7HA,2
82kxXl_1K8M3cU66dhB8lw,GMrwDXRlAZU2zj5nH6l4vQ,3
yEmeRQb4WH6NN0IAaTX_lw,lOQPeguczAueJnLmDUTfGg,2
2EuPAGalYnP7eSxPgFCNDg,E_7RIDFNQfxREnI_E5h0uA,2
wXZS42D0L8hoCiSh2Krc_A,iqntlaqSCB4hkzTzlPlEmQ,3
82GOQIPlSzLvRphl9MzRhw,JPWg9acsCv_om9UFYGMJbA,2
klN7Yw_aVUBscqhlkpKkRA,qVO3l9Q0-KVQE7W9JL9ePw,2
Ksp1e9Dw0Jcog_ZBD3-45g,sKA6EOpxvBtCg7Ipuhl1RQ,3
C2C0GPKvzWWnP57Os9eQ0w,7wHLFohwCw8l6WS-feLjeg,3
3uPAF2-YwiTUN5NvVH6pIQ,VrIskBdLuRxS0HsSimJOhA,3
L8P5OWO1Jh4B2HLa1Fnbng,DZwR0EIPKlmC3mMLhTkqcQ,3
f1-ADSATZKZRdKznOcIpOQ,RADloW1UROUn4FJFU4JJNg,3
LBnjYRrpTKgtGkW0ea7Ecg,Cly7wJhbXIDID_quND01_w,4
qewG3X2O4X6JKskxyyqFwQ,_nL5u09k7J7XAww1_UJ-tw,4
whINg-cC-FiAv_ATDGMDTg,t-o_Sraneime4DDhWrQRBA,2
co64BGDz5U4i-VOwhJgn5Q,o7AiTlyWUrBSzdz6oMHj5w,2
x-8ZMKKNycT3782Kqf9loA,eaNenRk_liZBERFFLCXqqQ,3
0mvmUHuGQL2kRRkX14CkTw,Ns20WGWn6s6niKAGIQB4UQ,2
ZUnmsVs1Vdp9_UtG41u7mw,HGhXbgeMEcg1cIZwxyNDeg,3
N044aCKJv3G5WuvwT5AJcA,jgtWfJCJZty_Nctqpdtp3g,3
18qEoFOVEernpVLh97PQPQ,G8k2E3oYHHl2o4lNJQwR-g,3
-rr8yexI0JRT_pqyNgu6jg,1d6c6Q2j2jwVzBfX_dLHlg,2
JmhVFueYvJe0CsUddwuajw,Noi53T0PWNEN9mQRS3-Ncg,3
A0j21z2Q1HGic7jW6e9h7A,-rhH9sL3XGFpoJXcxUpEWA,3
bu3qhZXlxkWir0EzC2txBQ,IMLrj2klosTFvPRLv56cng,2
H3wPBzQCKCKiHcV7GZK4kg,3T0Erqk1MKtN58764yZMfw,3
ahwwAXJ_qwGmuRjTOHHMWg,u73j2VQ3TGWdMO-AG7MABw,4
tH0uKD-vNwMoEc3Xk3Cbdg,1yWINuTOUBQj8ELqRNDOWA,2
8OeTLey-p-WaL9ErNEci1Q,5LNZ67Yw9RD6nf4_UhXOjw,2
HEvyblFw4I-UsMqgPGYY_Q,hPclwunHi36YV8cPghWJBg,3
gScmsSCqBeFPp6q9yG5nmw,2GmGT-7QjowR1ihup3FbVA,3
lyfYBqtDGJJ1c98pfLUcLQ,jlYeXBYzQKhomXZmT0aA1g,2
tEy1MNP7tHJlZgP7xqF4yA,5xdKUuu4DbJ71KGbwRXfFg,3
ERcsc0YO5CCUbkC8EV2INg,3BCsAgo_1i4xMuTyLKMLRQ,2
L8P5OWO1Jh4B2HLa1Fnbng,j8pUAS0qdEcPsjkqEDNbhw,3
aq7PsU-EerT2gSPsBc_FCw,MQI1rSTE2LGrrsPPgenCrA,3
nXMMoDzXRByQiWH9cf-FAQ,wghDrzcZ0VloAtaIZ7GEBg,3
yT_QCcnq-QGipWWuzIpvtw,4m_hApwQ054v3ue_OxFmGw,5
4AjocDGdZNPyhBLQpxpa_Q,Yp1swb-8pO8i-6-jaK2tsA,3
vnWKs2dgqDuR_yNI5qJG5g,iJi7yebXoPVXRyGqqL-v8g,2
uERlyO-ASZag6XXouCrkhg,5shgJB7a-2_gdnzc0gsOtg,2
s1ycNwrpYQb2AYHJhhLNBA,E62l6LwZJ7lKaExcUbrtYw,2
TS4RfxKny-c8QYcnMpfkiQ,966W5oXOBW0ZWhNYy0yjcA,2
sGIGOFKg_yTd76cDPs6pjA,NjDC1Evc2Wa6ykj8xVpoUw,4
wai1J7wtI5Wp0DUwy3QG2w,Vbal-AZnu2w6NttIKfdjDg,4
wnO99pBbGqwqOoTQM25iCw,eEnNw3_hBvxcFHyr23kAuA,2
WfZFj0OH9tuOdxEfSaM1vA,XQJr9_jZR1vOoZVcZfDDwQ,2
qLq9eedYCLaXjcy2XfZQcQ,BYDs_o6U4CLxJec8k1Q90Q,3
OJA-15Qvh9OqSRqwrdGNeQ,n7V4cD-KqqE3OXk0irJTyA,2
kjeX2RXvW7RhBbD2QLd5jA,vz8HFGsITt6aj-nyXkAEFg,4
xLoEhU6zvFzcc0erH7gfyg,r8Jr-7YfkhJL2nxk9lxUNg,3
cg_GpiWsO0xKbk1864eKaA,Ec9CBmL3285XkeHaNp-bSQ,2
ju5QIg3E6QbcZhtG-gF6Qw,IVnGPHdTyu_GbLo9mXj98w,2
JbF91KC0BU2zkuxufDTsDw,OtGSQQzV7uF8XPAsNIh7Bw,3
-267Yx8RmdP6io2-qI4UcQ,UPIYuRaZvknINOd1w8kqRQ,2
9PODl32fViCXhN4NxBdGPQ,DYAorbxOyubUB_wtQRCdug,2
2e5V6M4GNufEnbGJpVdCjw,wxL9wgxLeuMMfI6SAXIzJw,3
N6ZTMIue-2b30CJv2tyPGg,u6xb2aUAvX6i1WhsQWqgWg,2
DeVGAiOf2mHVUDfxvuhVlQ,u-67zd1ImTv3EEr5kIdWrA,2
o68A_3bAJTge-ioGXHdxKA,a0v7Si0DK4cIko7AQY4YXg,3
GRQeDtlWc1LLbwMuxFESKw,FI-8LPGkc8D_hwx0l0zyyg,2
DPtOaWemjBPvFiZJBi0m8A,iw9p7E4bMe1YW-APcFGjgQ,3
Xde3UEeqDU281Db-3NAxFA,QdXg79fKbFLEPePPnL02Fw,2
bN25cOkFDluT1NjMNkWqAQ,kJAmLFgiIjtjULunpr3NNg,3
8rYnOC6IU_A_f-o73aDt9g,Rj-7ymdw8aNZBRqGRAjR3Q,2
KmBPYlD00BupKSwWxOWA6w,SqxIx0KbTmCvUlOfkjamew,2
C_CqWSkpn2aOnUXtHx0-iw,oUX2bYbqjqST-urKbOHG6w,3
YMgZqBUAddmFErxLtCfK_w,JuNt6TkuBrMqsljkenCOdw,5
tFTU5yWOCQLqJMs2YhAaFQ,l-D0uS-tgmhkFpHKBXvPQA,3
_bUf-9uN9ajvLs03VBxn6Q,_4Gpn_NIM94D9OFucgfaJQ,3
oUst55rUuv2nKEQ0FgJ5GQ,RztX0zV7ObHZD08SDUhI0Q,4
jilGEWFqRU_lnoweP0LS5g,p81LV6y6Jxz_q_3HL06jOw,2
UYcmGbelzRa0Q6JqzLoguw,IhNASEZ3XnBHmuuVnWdIwA,2
BuKN22G8IY_rIuLLZ1Z9Xw,gOOfBSBZlffCkQ7dr7cpdw,3
7C4B2Skmh4X9f8xJDo9O4w,UMqfeCItzQ2glr4d9apGlA,2
PeLGa5vUR8_mcsn-fn42Jg,wEc4JE2NYQr1RnGjGr4q7w,3
Yg08tRMxm0eaL-rXyNIAHw,pHA8wyVcrkhI4wQ3mt6NHw,3
Z128ihQea7BLPh2T9q9sKA,-bd4BQcl1ekgo7avaFngIw,2
8OeTLey-p-WaL9ErNEci1Q,Hqs4YNST_ZHbshwyi4bnsQ,3
DK57YibC5ShBmqQl97CKog,ZkGDCVKSdf8m76cnnalL-A,2
80qYPp6Fk_jmO3334DKGGg,9fTDeI6mApFX52qYJ8z0mw,2
_7PfR6Tvh2xTbiVi1GELoQ,ID5wWJ9C7G0hfbQilvlfxA,4
co64BGDz5U4i-VOwhJgn5Q,QYIhMNwxXejDoCr-F1BxDg,3
k4M43lXJuQMpQW65DTqzIQ,WUq8HJHIZU4uteB154XN7w,3
SGobMWMf7xwbOYHL6WMXyw,iBihgoxc6Ot7m2D4D3z0QA,3
WWOiE3X0hNC7x2R7Q-xK1g,or4UVDjXEEjze3wNPjoAZA,2
WPcEBAbrPZxvCGlvH9XLsQ,zcScEL0WEdFkROcnz5379g,3
Gfxb_D1k8tueAoGn4cseoA,bCh7vrbbxSKx0mtZnOvQoQ,3
bWJWcQyDKtFSvsTW2tR3hw,6kkxRV8H9SQLybj0xnEbMw,3
46aM0kni0GXjS0zx0-zTfA,iE71iwcSljg3xm2GB2Y9aA,3
bLbSNkLggFnqwNNzzq-Ijw,fQt9QVAZM9PM0wFDdROvWw,3
ZhqGf9IFlKQU5rCdswQ_0A,g6B5hVt6oZRVO2wR4f0sNw,3
eZeBuiVZWT7u3SktO7mv9w,A5lD3y2eREchEdMcvWPXBA,4
2HchhLgGj16aITZGVy0hqA,hihud--QRriCYZw1zZvW4g,2
Vqp0dpug9Db-kFHO3PkAaQ,wxL9wgxLeuMMfI6SAXIzJw,3
BlSbxxb1vyfFoLGjfHh5dg,7yIHC8KsR5OaE_7MgEBVhw,3
ELcQDlf69kb-ihJfxZyL0A,YQFcxE9UXrKc-QuTUu7twQ,3
0NMeLD8uzXZiniOu-ZpcJw,ElWzx5_fU8S2G45OnM-HpA,3
cafRiSVWRXlxDEK2YNrJ6g,iCQpiavjjPzJ5_3gPD5Ebg,3
B1829_hxXSEpDPEDJtYeIw,H8qlBw1YaxMsItfz25-AyA,4
z_tqPytGQF_tDw_buHKJcw,YSYDJTCt5kzY2kKnLNGRiA,3
YVQFzWm0H72mLUh-8gzd5w,StNAnvyhVISULAFmO_Ke1Q,4
74sdrfg2SFhH3kAslZjjrg,osu1j_Lg8R9brpuMMn3a3A,2
JZsDEj8EnFppjzoAFKm-mQ,sWqQQRiD3YBxNJlPrMSNIw,3
gmYU_SLgpWgafgSejWdzTg,ZOmf-3NN4Z59b2Fw6VAM7g,4
lQGJcwX105k17081f6pulg,GI-CAiZ_Gg3h21PwrANB4Q,3
djP46l4v0TQTqhLa-ZB1xw,d10IxZPirVJlOSpdRZJczA,2
QtuzG4-zmGTdB0jSMC54tg,u-67zd1ImTv3EEr5kIdWrA,2
M3YpU8fRyTZAQIn08bDT4g,VeRHiEbUe_vHprYn8mnezA,4
5NDk-q5mv8PIDvz83HwMVg,yNPh5SO-7wr8HPpVCDPbXQ,2
Sv48jgljDP-CRfXmU8uSgA,Z5eukYH32_nFljOTC2DJ0g,2
5jz-BicrPZGCp-Mi-oBRUw,PNTyiqS7R-0c1ofxOfDijQ,3
MMf0LhEk5tGa1LvN7zcDnA,RQTatUj2f9Nz9JViTH4aAQ,3
ftpqr9nOi1KwFtC6T_T3Eg,N5CL5HLS6lyltw-OjjBrOw,3
USG1wkzku03asNV8TQZetw,WOz66UuVsfc2K9GxzfDnGg,3
x4rQMKeYMnqKx-bpzQ4zPg,Ly2ShApiomYZwKehwb7eRA,3
yqa2qWN6acpmDuDL3U61UA,HGuHk935tyokX6kveEviJw,2
7weuSPSSqYLUFga6IYP4pg,8K3CRM4COa0SSBEvli0fJQ,3
4vj_0BQeXjCyNB7ESS5mGg,5CJL_2-XwCGBmOav4mFdYg,2
0Md3sO3sRR3GE4eQLtqZbw,S-egzF2c7bRpCUNbZqV8dg,3
dwmciE9bB4Naug5SvM8KZA,eBxQzBFLEPwRCxuiL50SQA,3
sa5zd7bwBQzajQB48Y9SUw,RRw9I8pHt5PzgYGT2QeODw,3
haSh72Q0MsQZUpWPeVgp0Q,hPclwunHi36YV8cPghWJBg,3
UYcmGbelzRa0Q6JqzLoguw,0Hcks5q-DgJbDlmEWolx4A,3
RBZ_kMjowV0t6_nv2UKaDQ,7mGZrCzGGjS95SdRtEaGcQ,3
rHgT6lBbZ2PaHt0UWfTMtw,fwuvm9wWcvFwpQXzcneaDQ,2
rn2DB_YX0BvToYe50RNr_Q,auTNigMttjBBTj1MNxOeFQ,3
ahwwAXJ_qwGmuRjTOHHMWg,qutQLFutEyHy440jpADnxA,3
AyjqBovADgbskmLrIBOMlQ,3fPIRTnBhd81MixgS9YoMQ,2
D3fOi-5w4intrUTWXzIQew,6PQve0oFCLPSh4wnIzvJtg,3
zH6racrZ7rUqqv_Qy6dZDQ,YzlgswAwmpkMQifS3-YQTw,2
L8P5OWO1Jh4B2HLa1Fnbng,gJd1jOcl5FdqY020Q19n6Q,3
ADx3PGAOX_ZaYywIf6i-ZA,HTkY1GABYTivk-DKWyrlEw,3
TCPLaprJm4FFei2DkW6K6g,fOnpoMXToa5Qiyg95E6ENg,2
rYPjqZO89ABei1fsZBSUbA,5T0h9YCsXiDZyBsVIN9gcg,2
bnk8hI3N5tprKm_lMK4I-w,DOPUavsTUzTcpn3PrK5tUw,3
Kgmvv8Y7WJLNOvbIiKHCoA,uKKNw68mZZaa1jcyszEbyA,2
CkM9FtxelvahpE9StyON3A,wTjvgkUJMVWrYed9mXdQjg,2
zlFj4sJmPwzS1WdEB0FnFQ,6ZIHxvFTHC1pvAzAS0uLDA,3
2e5V6M4GNufEnbGJpVdCjw,ax4ztJvW28xgGvI0OPqGcQ,3
F47atsRPw-KHmRVk5exBFw,YJ8ljUhLsz6CtT_2ORNFmg,2
-RhRXVW9z9fs5zzxhFfnHg,PVTfzxu7of57zo1jZwEzkg,3
Kp5KHBSmV-Htc9NeSjJfPA,caUPXiOxvLGMsorJBtNlhg,2
oDyEexUT09e3XhxIp0-Wxg,IWKtGvVg4hqc9rWHjW8KoA,2
V6Cjj3SVmMqCrr6uJqvlPw,1nF8Me63cpxIkFK8Ysx-DA,2
DK57YibC5ShBmqQl97CKog,umrDQGRNied77aVg29_fVw,3
PeLGa5vUR8_mcsn-fn42Jg,rW5N-fiNhqb-fR3bGqyPdg,2
I-4KVZ9lqHhk8469X9FvhA,OKZkEXzJt0XIamHRRTX-8g,2
dXIO-WFQJ8pwQ5M2STewZA,sNVGdeOPeitJ3OWUQBINzQ,2
ED7dq2rT3IWXjSl58CR36w,JfHXzulF6yIKgA22YYPedw,3
61AymMi8D4RTQ2aa1w41ew,4JNXUYY8wbaaDmk3BPzlWw,2
QzXS25_FwIUrYTyDMZkUQA,OjApDLQUPV8c_yPCg8xZog,2
QJI9OSEn6ujRCtrX06vs1w,swX3Vj3dQsz1YlCRmwNQEQ,4
UmXzwFM2OkZHWJ5cJZlqkg,wUKzaS1MHg94RGM6z8u9mw,2
9sldtsoM9MFEyPEss0L9kA,or4UVDjXEEjze3wNPjoAZA,2
EiwxlbR8fb68lMgEXhcWKA,N8D-5-fW7EkBdKjNYGhu0A,3
1dWLN4Mr4hKhu8MQUCKqXQ,DVJkxZkLKS76Khb2y6XA6A,2
Ry1O_KXZHGRI8g5zBR3IcQ,eEnNw3_hBvxcFHyr23kAuA,2
Dl05etq6qzMf5NOskjb7Ag,CQk3WJtULz_xOkUM6o7wpQ,3
cQrnxjgVBhjAcOJttw48aw,GmdujALb1Nq2RHGr7jhCaA,3
H3wPBzQCKCKiHcV7GZK4kg,zpoZ6WyQUYff18-z4ZU1mA,2
_bUf-9uN9ajvLs03VBxn6Q,JdtJ3jmMukLXU-gDjVTEgg,4
3nIuSCZk5f_2WWYMLN7h3w,3BCsAgo_1i4xMuTyLKMLRQ,2
qgbRvkZ8tUiAtNAM34YBzg,s5TJlFtdXcx_tXC4tlttlw,4
khyig4aF00tZsTYw4F4GLg,Pob7ibbNT29--69nxXEP2g,3
JXHrhT72U6sZJQSkFfNzjw,y9ukbhhyYC2qrPSS9eWh5Q,3
n86B7IkbU20AkxlFX_5aew,XeDLyY2a7nZ3IEY4RYslXA,2
YqMpcRUA0OMw1WNLDGoj-A,TR0-w6VoZDAdvFQiq7P2Ug,4
fTt_rcnc-nNpjWaDrbvEow,XgsIf7s2zM-cC29WUD-NZQ,2
wtNopFY2ybprzk4FuEbWJQ,_YUcCnJXjUgkS9fSnNi0Ow,2
T9QzRoP0LZYU7yar41Q7ig,-6tvduBzjLI1ISfs3F_qTg,3
M9rRM6Eo5YbKLKMG5QiIPA,tj3YzWsjMbPU_ivDkyOE3w,4
fCExFIeu2BT35FSx2Yz2aA,XeDLyY2a7nZ3IEY4RYslXA,2
AuvaQaRHBowFaFtoEMqkVg,7Xw_vv-ekUL2sTqipnKT0g,2
7AKWPQLa4QxKOVE_FBRtUA,Gt4z3AylNTsEPDkzkaC7HA,2
5V8eXkTJb6IejJkMDaj_Bw,Gu8D1YoKErqVNNX00qkEaw,3
qewG3X2O4X6JKskxyyqFwQ,0p0PqX7Zsm_0lvXzEWpwWA,3
UYcmGbelzRa0Q6JqzLoguw,SEjyjYlMfFFzkHaru6JadA,3
Dkb-TJFNSWl4PYR8wEcWcw,_3FxLxdg1unUQc3QqIgJuA,3
JaqcCU3nxReTW2cBLHounA,rbcfYmJtqwIkk17IeOI5Kw,4
i3bLA4sEdFk8j3Pq6tx8wQ,DVJkxZkLKS76Khb2y6XA6A,2
M-xJMhi-HphpWaD2992K3A,RESDUcs7fIiihp38-d6_6g,2
b3DYIU3TFc4gy9H_50_hUA,EEGajOchS2BIZNvJcPK3uw,2
UyuWAvDcLp4zU1Wfc1PNXg,faPVqws-x-5k2CQKDNtHxw,2
zsJLk34mTDMyuVS_EaBLxw,HgdFqAvK31fB9sgBdOzo9g,2
7HOTOydGS7wJYaJqNoDfeg,I6EDDi4-Eq_XlFghcDCUhw,2
_UczakmbJlCal7mCXuq7og,szhJLmdLDVFTevm8fu0T4A,2
qbq4zC9SrZuaQ4-J-wtRuw,-ipc5f0XiXwH3hbNnro54Q,2
g-HFMffU6L2nH4bwv04FIw,lOQPeguczAueJnLmDUTfGg,2
7weuSPSSqYLUFga6IYP4pg,UPIYuRaZvknINOd1w8kqRQ,2
kDGhswMrYIOaFJAViW_nCA,YNDxeeRUARbd8GRnscJSvg,4
tL2pS5UOmN6aAOi3Z-qFGg,xJzJpTYC_1k_EE0AWTOPXw,3
cMEtAiW60I5wE_vLfTxoJQ,5eK_pgro9_LxPYDoRVJnEA,2
siVtjO8xrSxbrK-zqXCGew,tWiFat101ID5w_wgAPMXhA,3
zy4A7504SezncCAcotMv4g,0CElIQnJdQYF2bmsAiWczg,3
m35ODBrr76JYr20nxoMg_w,B56AYe5GNuavMDtwFsXqzA,3
gvyYZgFdBbcT3xGjWOvZag,0TBTV3q6QXCn9vNhy3Xi2w,3
cMEtAiW60I5wE_vLfTxoJQ,OETh78qcgDltvHULowwhJg,2
vxR_YV0atFxIxfOnF9uHjQ,UMqfeCItzQ2glr4d9apGlA,2
xDl9ZF3SckkZde_48W6WeA,bfVpHvjir2G2Z9wVeddw4w,4
WJKocp9RE0KatUwh3_DkGg,aqONNC5onqX6EqHHUO1CJA,3
cJh4F1zFNJb2wXCNT1uNWQ,SEjyjYlMfFFzkHaru6JadA,3
TVkU2gHhe05v_lgsE_NccA,zOL260xaXDYZZPBItzALxQ,3
YDAL4CBJcp3xrYgAGVGgaQ,-7EwIdxcRC5McO35DVfeSQ,4
7sNE58P4AvsX6QHE8ypCiA,3GEEy7RP6e4bT4LAiWFMFQ,2
uHZxYHgjxhXY7PS6g2rFsA,P7pxQFqr7yBKMMI2J51udw,2
JesJ-LaNfr3pKhL7gWhDrw,wpQsmMvdhefqIlxvRt_Jbg,3
0IwZb1ePNpSVYcCdMtGoQw,d4P7boUqiA2pR59jOlzYLA,3
WaAOt_eG0_-yLpG3fI--3g,OVTY-NpcTA7iXbMQmusv3A,2
zgV0ZroIF956gw4cul8MHA,ubt9YKL8nT-1WMu2QLxuNg,3
fVILhIglx6RNOXQba5t4kQ,uuGL8diLlHfeUeFuod3F-w,2
bpgbVPJcG-wQ4cNBcPPIxw,J1qzIVBt3lGpiz-8UdjhXg,3
-d2daWmftYumOaYpbD5D8Q,cQK9M2JAwETQnnBoYyua5A,5
rt3PC7WCgCKsoufmQJELfw,DXlDzOcpdUE_F21tok0fgw,2
iH5YQPtx1qrNG4t2-DjI3Q,8mIrX_LrOnAqWsB5JrOojQ,3
fiGqQ7pIGKyZ9G0RqWLMpg,osu1j_Lg8R9brpuMMn3a3A,2
uERlyO-ASZag6XXouCrkhg,9km51KaQujxsSgdaG9gYSw,3
FEwPxhjdVKxSPVQQAHX2gg,FAiZp6pLY5l9JITMQPASbg,4
DTl0SQ_9ApT_YhIcppwqgw,Qayz6avNEPNS6Q5UThYHCQ,3
0hZfE2He1YssM_wEvKhfcA,XQJr9_jZR1vOoZVcZfDDwQ,2
hZfzVrhsCQ9JDAb2jYoJNQ,P7pxQFqr7yBKMMI2J51udw,2
qr06IGEdVEIQmyv-NZe-og,sjJOsKnXxsQodXMr1i8fsg,4
FTZyZbr1eF7s3Ss7uSLcXQ,oj5k-I0YSbuc5tDInt2isQ,3
nzoDnGgqbUS0HLUFXz6C-w,90bL34o2KEes9pUnCOm7pQ,3
d_TBs6J3twMy9GChqUEXkg,0jAexNHRHhkQv4zNYqenBA,2
JbF91KC0BU2zkuxufDTsDw,YSYDJTCt5kzY2kKnLNGRiA,3
0UI9KTPdtkwl9lMdMT-Sgg,oZcbn7ENit23xbCsyu9xbA,3
zTK1nPD2Hpa-ksSXsE-JzQ,fBxDUu5ftmNHbbX5qD_FcA,3
7C4B2Skmh4X9f8xJDo9O4w,fZM_o3kKZ9mR-1pvBeow8A,3
wTfb2nfzPIyFcYQArdPtuQ,QlJztL2aGEXgejgi5JM9Xg,3
zH6racrZ7rUqqv_Qy6dZDQ,DXn79Dzv8kpsMcNNKZHuRA,3
S_Joujv7euX3N9yHqE4IMw,URFhSrJPk7JM2pUtsuWsAg,2
EMM4HqI1mV7SwqXen6knJw,XMMLRvV4IMxIGyc4H37LxA,2
Q7IoE5m2heQKThuVq3SYFA,2B46bRpDh49eDyjXGhL_ZQ,4
erJ1HQwavgZx4996SMIxrA,UidEFF1WpnU4duev4fjPlQ,2
KbwOwQZTOfrtaeJdmucALQ,A-uZAD4zP3rRxb44WUGV5w,2
AyjqBovADgbskmLrIBOMlQ,jScBTQtdAt-8RshaiBEHgw,3
qewG3X2O4X6JKskxyyqFwQ,SqxIx0KbTmCvUlOfkjamew,2
U4INQZOPSUaj8hMjLlZ3KA,1d6c6Q2j2jwVzBfX_dLHlg,2
Yj8RWbYG3b7VGHlRvkomkA,ypfFfR3-PbtoslIhohNstw,3
aKhv49qQ1A1MDvGZ-cVh7Q,cclDCELdBQmJMWUyVWo5fw,3
sTcYq6goD1Fa2WS9MSkSvQ,9yESUcIVarhYEabIMj844Q,3
rKkpHJkJ27xOwnhy_bMkvA,3vxIqhm2jCVjkUWtmDvTsw,4
D3fOi-5w4intrUTWXzIQew,966W5oXOBW0ZWhNYy0yjcA,2
dLoUSe9E25agXphQjx8Svg,inuW6Gl02Mf8G5RRk39_lw,4
PKEzKWv_FktMm2mGPjwd0Q,TCoBE_BkDRrK0bWrh5VueQ,2
TdYKJgSgY2GF_YJnwsi5yQ,0_aeYE2-VbsZts_UpILgDw,2
Mho2GibREwsPesKEyQbt8w,LEzaRCdhDfO2eM75HZNnUQ,3
-Ox7QPz0G56GOzT0ex-f5Q,eduRavkml8awmPachSZXuw,2
NGRGG7nW7mv63SZ-IOfYKA,uMQaaUvdHGhTFiyOhGa93w,3
Xsyw11gZiltqWL5RvWGKJg,4fGGeKlUY3SwqLW4SH_QnQ,4
i3bLA4sEdFk8j3Pq6tx8wQ,R9gRb3T8t-eIKlOtMPShuA,3
U4INQZOPSUaj8hMjLlZ3KA,PtwW1Hwme8Y0wy54zNr8Xw,3
qWMUWDjI1wXWnmzlQc2BuA,5ma1OUQWy_Ds80xUiP7JPQ,3
DPswOikKjBepBJVZOECQng,OVTY-NpcTA7iXbMQmusv3A,2
sjZ3ScfAJ2bjDVI6MmSNGA,0XEqyl_lVaJNHRKxNcjJZg,2
h9RUaaHa5kcQKqtJ-sgS0Q,vYOtdnBm-45KQiiHj8jqaw,2
PKEzKWv_FktMm2mGPjwd0Q,ruWTngdiC68O9la27hvvHw,4
VigsAph76fP7pechJ743EA,yfxDa8RFOvJPQh0rNtakHA,2
Fv0e9RIV9jw5TX3ctA1WbA,DY1_vls0_VQnTZ7CJ3AeFQ,2
5I6-yegWr4p1mtUMwNkVtg,4qG3Gh8QyugC1XvoTlmgcQ,3
8dxkcmAXY4ttrVFD1GhbdQ,eduRavkml8awmPachSZXuw,2
8ZryN_S-n48g6rsa3W3QtQ,zpoZ6WyQUYff18-z4ZU1mA,2
fquTEV93jh82JYob6u0CEA,VMXl3Dm1Nwvgwo1PVYTXbg,3
GOTjwdXD6bNZ-_qjY7GYYw,hCsJv234v62MgdsUU1j8dQ,3
8HCEPF0IflyB690Q745fKg,zA6gnF5aPBGoOm6uIbKt-A,3
ZuWAof5l6yKeft-F1QCWSQ,PtwW1Hwme8Y0wy54zNr8Xw,3
ZngF2uBYrqyFjXd6LvuluQ,2UgRg5a6KmpbD_SZfhNrKg,3
ZQYNombDho1PYfnEWFZevw,zrTGcb83AsfyVTMrsCa65A,3
Scmyz7MK4TbXXYcaLZxIxQ,i9D9xPBV0gR1Ja9kbY4NCw,2
Ur4u9wfVtacMnYGbo29ZpQ,rMrymOj6RcBBddGuOjv_IQ,2
HUX1p0y71x_j-5VWz4tB0w,YkOCo5ipV2he2WXIAlZb-A,3
qbq4zC9SrZuaQ4-J-wtRuw,Os1n1_idfw9vv9kwULGJnQ,2
ByNfFYaW544SRchjvAHscw,vUnmi0uI8p35RxYAEH4Nlw,3
aq7PsU-EerT2gSPsBc_FCw,VG0nWxGsPixYLsyi49gyxQ,5
rt3PC7WCgCKsoufmQJELfw,Wg9272hxpu9IBTXMTB6EeQ,3
3CMiTAhq_o_GP1tLs-ihbg,XZ7eQLjyGXf6y69UT4SGhg,2
CrEBVkzIQs7tS-wWfaCjNQ,pHJu8tj3sI8eC5aIHLFEfQ,2
p_azadim_uWFOXAhhKB3ag,l-D0uS-tgmhkFpHKBXvPQA,3
0FMte0z-repSVWSJ_BaQTg,oxwGyA17NL6c5t1Etg5WgQ,2
HFItzRohDHZvcKDrM6ABZg,vcxvQyAggPqxcHwvJXvjGg,3
LgFDWZTLi1w9OGi5BtKORg,B_WggEKFq-ZFNui8CHPYvA,3
a85qPvr6L63PF0v9Zs8ZAg,oj8qk3W7O9oq15VIs-vYJQ,1
Y8adrWFzckrjuC11aAs9Og,ReyjVKUEVKZHmlrBxu_h2A,3
UL5K2rnSYIPD1LcqPgbmDQ,TL5Dtfnf-5hYG13lBF9N2A,3
LG-FOXQL0zUcRQuqkhq-Zg,DMyoxEaTGTakZxWgh1D5bw,3
s1ycNwrpYQb2AYHJhhLNBA,tEaW0zgsYihSTjysrpXaWg,3
ic-tyi1jElL_umxZVh8KNA,BY0o4pOtNPKyTklTFXDJpg,3
qKUEhJUl0Z9MFW7R7BTvRQ,2_qLxCT0jHM8Xqk6PEwrBw,3
n86B7IkbU20AkxlFX_5aew,HPLB1Tr8ZB5UkD-2umKPdA,3
MC0aQHT7mQ1WJknOD6u8pg,HK2Ki-PvnNN-YMTlX1uSVA,2
Ij7OcAO5FpoNKxS1RzNoWw,p-8AMN9Q0qwym-3Pdle20Q,2
erJ1HQwavgZx4996SMIxrA,M-SS_Kr0zlC7v8kBSRa74g,3
Z0GA65zCMI4ska4iHRr8Bg,bjJcDCx5uMUr89nxBdGizw,3
pxzs-Dy2hXTis-PuNCV37Q,DYAorbxOyubUB_wtQRCdug,2
moj7DUHkP4j9yfwFm-oOHQ,D-2t7fHQu6hNLjjfRHSZaA,3
Thc2zV-K-KLcvJn3fMPdqQ,jrE4M9HlYp2AZZ7iQCSIRw,3
D6SEKcIne80A0AhwiEV2Rg,pBFewLcdLnf1XwPTE4jtyQ,2
PemAGpIKTHpBVRaRkDwJKQ,SMPbvZLSMMb7KU76YNYMGg,2
fgkJ6KUlrmbKyLDQervxsw,VrGI7_nRjXpn0415S3coGQ,2
le3Xn9Mheb1hNxWurF7RSw,KPV_FVNWkgmYh1ArVlt6kg,3
vxR_YV0atFxIxfOnF9uHjQ,Zmfq3DVhHdtVChhSxzoUHw,2
7dnh9OrD8LekBwvachGH5Q,aD0EslPREWGDlSpD0RMlEg,3
deL6e_z9xqZTIODKqnvRXQ,2fqHO2vFbcwVV27c_Irm8Q,2
JZsDEj8EnFppjzoAFKm-mQ,uWECX6-Uq9n8v5ipk9R29A,3
kzRq4H_nSf4b3F_sdymWSw,SR0Q2hAEMJ_m23O_x-khSQ,3
5wT0vDycEzgq95yVCZ60Aw,hgeXEGD9lRX4ohj7afSJnw,3
zx5rdBK9NFZrAglIXF1LiQ,I6u-OhmI_IUltexEOSCKzg,2
bydI3xl_ZpDZRbAQMAPITQ,rqWIntPaV8TpJvgT6H9UNw,2
bLbSNkLggFnqwNNzzq-Ijw,kpLt4l5J5kbMD4oxQLC2aA,3
mR0N5-ypFf2lFZn8SJ-cUw,JQYkVnUzS5vgFxZgCuW7ag,2
7svBs9qqPJHPRXZ56Q3ZuQ,qIRqFlmvHDRe7kWBAsuVnQ,3
njUgJcn8ZN0BdZdNEswRwA,TCWMgOiV0PxQkWE1SyBIWQ,3
pwQ8E-hbDUJe3qtKt_IBBg,pTZ4u-sEQr-yHq2Cl4EMEw,3
45mRoEbA_IvHIyUHpiABBw,Hqs4YNST_ZHbshwyi4bnsQ,3
oeAhRa8yFa9jtrhaHnOyxQ,N0CoaG3cBrTGm2ecLYSzqA,2
Q4Qfu-3vYtL1LRm2X1b0Gg,TfabYPasZ1oOMN6JLa-yvw,2
XJYFjbH-oTmu2dATTqyauQ,-4TMQnQJW1yd6NqGRDvAeA,3
aq7PsU-EerT2gSPsBc_FCw,S599hCA4kJJO3_b6SRFKoA,2
AwotTxzd_M5ZevluUUVkwQ,Aaywarn83SRxwXOYyXcJuw,3
U-nR7ND8CDN2x8ia73CH2Q,rTx5vu0zuhggAbgsx1uVtA,2
wmyoMUiW6YU9Audm0lACDg,FNe5PPA9pyj8FjcDefCBpg,2
1fPiKjZhkGWLya1QLkwlhQ,BxKxFHXG4B2h1MXK8ebHZQ,3
pZ4Co7mZ4h6ghEFP2Vs5RA,rcaPajgKOJC2vo_l3xa42A,3
Z128ihQea7BLPh2T9q9sKA,RESDUcs7fIiihp38-d6_6g,2
vWP8-aQX0rYJszqkWVL7Ew,j8pUAS0qdEcPsjkqEDNbhw,3
BmipmKVTx37gpfPzK7eU4A,l8k4gOEkfoLKq0mPVWHWGg,2
j7Ew20Kh33lFEaUXW1rGNw,XXW_OFaYQkkGOGniujZFHg,2
qmVXmbchh1V-PYSpvWU_rw,364hhL5st0LV16UcBHRJ3A,3
WdD8hWn-NjSyDYoHqin_tQ,7sb2FYLS2sejZKxRYF9mtg,2
5wT0vDycEzgq95yVCZ60Aw,faPVqws-x-5k2CQKDNtHxw,2
Sv48jgljDP-CRfXmU8uSgA,0zeQRzpO06evIZfcR_aZ5w,2
ssY5madTrd_ZAiV8av9kug,wUKzaS1MHg94RGM6z8u9mw,2
6NYDXzkyYW3O2zYjzPRMsg,_3FxLxdg1unUQc3QqIgJuA,3
r2R9t9_0Je8wP-wh4-xM3w,SZEFE5hL7aN5nM-A44iPwQ,4
hkSiQAfl6w3882JJQzRTlQ,DOPUavsTUzTcpn3PrK5tUw,3
nGoKau64-PtetuzfcRW3jA,2GmGT-7QjowR1ihup3FbVA,3
wnO99pBbGqwqOoTQM25iCw,ugf6qjoG5h6VXR5-vpq0Qw,1
LWinqJdSeptUcP2jPvryhw,DMyoxEaTGTakZxWgh1D5bw,3
SDgrUDEdWNFBlC4ufVk1PQ,GI1F8a__wktcfj6YVjTqAA,2
bnKo6L4MgcUbLZH7fmnkrA,WpI5MZC3XzlTpcUOKXzCbA,3
1fPiKjZhkGWLya1QLkwlhQ,xR1gLCH5resvtq1eV1nebg,3
bLbSNkLggFnqwNNzzq-Ijw,1ZJz840L496LAmQdeDv0WA,2
oEvsA_IvL0yRyI7d4lT-IA,0q_BHpxbikVtPRRLRu-U0g,3
yH3Jyu5vRTAJ8uMAD2bLGQ,0PFf3RKtDQyHnrdcPo8zMQ,3
C2C0GPKvzWWnP57Os9eQ0w,lF4pEu4_55SSFEo6Q58ftQ,4
XKo5IT6o-WslzHPT69PRSQ,4qG3Gh8QyugC1XvoTlmgcQ,3
CxDOIDnH8gp9KXzpBHJYXw,ttuEwktrkmh3TUlSFPZqAA,4
alr2xk5KBJXHd6zVuEqdDg,ifHBH2gZS_feI6JlFbGFfQ,3
A0wA5x2BMj-5l2sWn1hxYQ,rqWIntPaV8TpJvgT6H9UNw,2
iAevEfcmtCr2cpd6IRqnTA,gJd1jOcl5FdqY020Q19n6Q,3
QqRSNjWhfUFv1ZU0OnYKZQ,fL-b760btOaGa85OJ9ut3w,2
XuuUQeBcibvbFvWyFhFz5Q,tYYJYqbw1zasFUCqrkawKQ,3
YF3KmwYMeONIfX02OTxwFw,MgHWbwuxxb_txhI3lK_bKg,4
HcT3BZLc25R9eekoHBA1MQ,hgeXEGD9lRX4ohj7afSJnw,3
JMU4hmWtKJ_fYnDgS_RFag,OJdufUU3hVabgviIBHksYw,2
AryBBn--MdbJylcIAVb-_A,q9_gLvTNf11etVxbH7JY0Q,5
mzHRaYLoV-lwX79HghP6lw,QdvROupQvDDQIaHrTGNgKA,3
_pMzR6yoPbU98t-NH8TZ3w,P8uECqGqXWTwEndkh-6bQw,2
bpgbVPJcG-wQ4cNBcPPIxw,GIhzzb9tjqLCYdNP_k3-dQ,2
QTNMJ8unxkk8XT4Tl4a68g,BqnxN4hHahZ-zZGXDDGLsg,5
y5YNzZwQuYxgE-jSDcZLxA,O7UMzd3i-Zk8dMeyY9ZwoA,2
045lA8joqI1vPm0wLgZPKw,fKlr9qNoV37WQJwQ826POg,3
kbfpED-6FURIsNlsAXqc2g,3l54GTr8-E3XPbIxnF_sAA,2
rXDqOtMie36VjQMLQdwHsA,PRbIMseOwPCCRv5C4SfTDQ,2
le3Xn9Mheb1hNxWurF7RSw,SAIrNOB4PtDA4gziNCucwg,2
4AjocDGdZNPyhBLQpxpa_Q,PXShA3JZMXr2mEH3on5clw,2
8HCEPF0IflyB690Q745fKg,AercPW1B2YVNK3UsiPDkTg,1
T1TI-1x4TJB7V-nJhaP_NA,C8D_GU9cDDjbOJfCaGXxDQ,2
FQbVI3UyKlL-HfQGcRF8aA,IMLrj2klosTFvPRLv56cng,2
y3FcL4bLy0eLlkb0SDPnBQ,DVJkxZkLKS76Khb2y6XA6A,2
O9pMFJSPg80YVzpMfNikxw,u_vPjx925UPEG9DFOAAvFQ,3
LQG9wFTmscbAATp8QWj1hg,bRntmjztJ4dFDA_LYiEECw,3
0uEqdNTVj-I7zM83bbcgsg,GHS1rVjO-RMcRB6WJLpCDQ,2
3h3qmd0qgTA_-hnlcCodFw,mUVAMNN7BCQ9HGA9w_7C1g,2
0nqshyLgABOSyTfJUTthjQ,5Dccw539NNtnyCgTu5ed5A,3
U4INQZOPSUaj8hMjLlZ3KA,o7AiTlyWUrBSzdz6oMHj5w,2
dEk7mXM4npuDPmxrwPcEgQ,N8uKQ5Vdb1LAh-qXT_25Rg,3
pDvDLpD7CiMlIebsDPCRSQ,qkyCuFJF2Uboh6n2Lmuwlg,2
8SgjU2fID9VqKQooFt1DIQ,RwMLuOkImBIqqYj4SSKSPg,2
lQCY0csLfjdDn6cdVq43UA,ypfFfR3-PbtoslIhohNstw,3
UYcmGbelzRa0Q6JqzLoguw,iPM85PQMs7QoAxw-Og9ChQ,3
k4M43lXJuQMpQW65DTqzIQ,0w3BdEOxvwKTpypwbN5kiQ,2
iHGsi2zgjGEm2zEQg8w0og,3BCsAgo_1i4xMuTyLKMLRQ,2
lqUgcd3YhOX3GjowDn_Hqg,8I2XBrjf4rOEWx7pnKpVeg,3
gSO_NFz9zJaddMbldkfOfw,C8_zdU7zGLUK3uC4e5AepQ,3
T8LqkYbwMPZmvXSsUfN8sQ,cTJjTKz2huGZ-ElScC2pSw,3
Mfmx6DSGOrJjr4jeWmqCuw,E_7RIDFNQfxREnI_E5h0uA,2
FRxGcIRukrH5lW2SQSxstg,RESDUcs7fIiihp38-d6_6g,2
WdD8hWn-NjSyDYoHqin_tQ,poYsvuOmVDqF4dTnjJ780A,2
Ao-6FYE29-I8WwPg67806A,G4pt2q9Tr5SkwCw3Wb43VA,4
soc2J5OHH7V6JQ7t211Icg,LpHi2ooFxVn5Ntttw_IcaQ,1
bnk8hI3N5tprKm_lMK4I-w,FMOWO7_mj8lSZnV3WqpGiA,3
4cZ3f3i0Slv2W9mLN_VZBw,AhPmh0NaRDbEYyhd9egzLA,3
SrF972IxsELYQ3eaWB5X4A,BvTU8s3v-qfTtsSKV6Y16A,3
3nDUQBjKyVor5wV0reJChg,jozzH4XCEM9yQFjLAc3_zA,3
hZfzVrhsCQ9JDAb2jYoJNQ,wX1ORSDKPkA5ftE7F6UONw,2
YF3KmwYMeONIfX02OTxwFw,JmI9nslLD7KZqRr__Bg6NQ,2
_ykg4Fp8j_tU83q2tYC2FQ,mDR12Hafvr84ctpsV6YLag,3
XXKjsdglgwSs9kWtK6ZWUQ,zoODlH40edpJYLPLkHilNA,3
M4uGs-0Fskn48t9icYk_Tw,XwJ6fZRVbxQYRsryy4-qDw,2
Ij7OcAO5FpoNKxS1RzNoWw,HGvNE87fvK5PwKMZBDkTbA,2
Z128ihQea7BLPh2T9q9sKA,KyUFj09bfowyddCuOTP4mg,2
Ad-v2Z4vvuzxZxbpywIm0A,uh7DUWtPoZkuEE05fghJ_w,3
XXKjsdglgwSs9kWtK6ZWUQ,Jt28TYWanzKrJYYr0Tf1MQ,2
2EuPAGalYnP7eSxPgFCNDg,dGuVYsA5DMCm_TjSbX6x7g,3
zwLq4aVDSH7HyMbVjKfkRg,Er8DpPwf_lHHv64ncWhD8g,3
p9942XebvxZ9ubHm4SXmMQ,z-OhppazxWfHnUCzFTKQhw,1
yoT5mQ0EeB40AAMi4ZIyTw,eq-SNqLqUP5rAc_PZAHuEA,2
7sNE58P4AvsX6QHE8ypCiA,0jAexNHRHhkQv4zNYqenBA,2
6rGVoAI0Bl8ZEbMNJWOK3w,pBFewLcdLnf1XwPTE4jtyQ,2
KeuwC8E1238SP6xyKpBM6w,UESdOMLsXn_7WcwOZt7I3A,2
29yBaTFMSh-l6wNwy9d_mA,faPVqws-x-5k2CQKDNtHxw,2
9BuTUHt6Zlm-UCjaGD6aJQ,a1Pf4wSob48LKqimWzmyGw,3
wOGfOjBaP-lCS1NW_En2LQ,S1N5-ZXwR4fUIPs6dLnBYQ,2
iL_CR-WQnveqrff9LecqAQ,PVTfzxu7of57zo1jZwEzkg,3
y5rqDe6uO06WKZ26-Pla8g,nu1GQ_Q43JqzrWMZE_dE1Q,2
A5A34ixb-yy6nwL42iZsnw,Cni2l-VKG_pdospJ6xliXQ,2
OLn8EvPsu4hNug8V5PF2jA,eBj_YyJU5jVu6tbZCkdtDA,2
vnWKs2dgqDuR_yNI5qJG5g,8796vXaydw2aY_zER0n9uA,3
cAY_gYiIq68RkWhLennaKw,Vbal-AZnu2w6NttIKfdjDg,4
lQGJcwX105k17081f6pulg,J3FUxMAHfCl-WFo86u5DqA,2
XzvdDq5VTiRZTd_6BHT08w,3p4M5be6uc1S78TO62gmOg,4
gru76BjkRY6UQVcw_yAxiQ,C3wJKa9_Y1e2F7OXCwIoqA,4
u90s9wJ9pMK2FMpy5F8Wpg,M51gw2cz_vXarNBLbKkOxQ,2
0mvmUHuGQL2kRRkX14CkTw,PeAVCjePbJ54UYZ5l4iV7Q,3
Kgmvv8Y7WJLNOvbIiKHCoA,siXCBrVFOXicbM2R-33-8w,3
QG9ZJatKSWj5p5VrW3cfMA,5A_sjC9ULLt4UkDNtr9dkw,3
TCPLaprJm4FFei2DkW6K6g,kz7O0_o6WrDQk1Kl8dKeHQ,4
tH0uKD-vNwMoEc3Xk3Cbdg,GI-CAiZ_Gg3h21PwrANB4Q,3
8drMKNHWavs2g6uf0pLtvg,iNKMTWEZ-uuXzCbPsAv-kQ,3
f4GXSyxFoHFNW7Og0J3WXw,EMrghF81px-wnNqEYqA0Kw,3
QuZbJquRtbY9O9JrB9NpxQ,8Yz1eFsaUy-ny3B6YZDOrg,3
wAqiSluTMo_2T-dTN4Bozg,l-D0uS-tgmhkFpHKBXvPQA,3
pBhaCEcdbdDv76kMwm8Nng,ytk8XVFegCSdSBXLDZutpw,3
-k5yFUChotBMGQgHdFZvLQ,VaKXUpmWTTWDKbpJ3aQdMw,3
ZcwLnR_VGfgLmuJ_7tnAjQ,wghDrzcZ0VloAtaIZ7GEBg,3
lQCY0csLfjdDn6cdVq43UA,saQQmDQQJ14BVkm_sg53UA,4
ALw8EN21lby0vWtfD6JfIw,JjjQSlvTvGlIAta5CyA6UQ,2
e6iCOIhtupBCiw-VwBvJ4A,a11zyJN_ue0CQ_bjoeke-w,3
JaqcCU3nxReTW2cBLHounA,HgdFqAvK31fB9sgBdOzo9g,2
A5A34ixb-yy6nwL42iZsnw,LJt-NO2FhvQxTmBoaaLhTg,3
soc2J5OHH7V6JQ7t211Icg,_4Gpn_NIM94D9OFucgfaJQ,3
VZRxANvyTm2ixS6jYDGgEw,KXITXbKuE60WSUDs7NZVLQ,3
s01liMq8lG4G3f3AvJMi5w,_kdpjoGrIzA64E6aXHA66w,3
XOk0Wx1X2qzK5GQq05Aaww,LpHi2ooFxVn5Ntttw_IcaQ,3
X8FXx55SqlUqE4h4vcSLtQ,auTNigMttjBBTj1MNxOeFQ,3
3wB-JjsUjkvdNUDRnChsVg,XZbuPXdyA0ZtTu3AzqtQhg,2
G2ToQ5eT91v2hkIT7I4X7g,0_aeYE2-VbsZts_UpILgDw,2
d_TBs6J3twMy9GChqUEXkg,3_A59jPniLD5ViVuKMYpJw,3
fiA6ztHPONUkmX6yKIXyHg,1nF8Me63cpxIkFK8Ysx-DA,2
niKu4se6xtf-ctlm0udr1w,k1c_bC3DK6mKg797vH1T8w,2
Et79VAN692zD2j32PM1E8w,ePt0qmZgU-fjqMoM1M2U3Q,2
cafRiSVWRXlxDEK2YNrJ6g,BLIJ-p5wYuAhw6Pp6mh6mw,2
qeemN4slMyao8ZE6Pc9Iww,oxwGyA17NL6c5t1Etg5WgQ,2
cQU8IWVEJYcklBJbW9CzdQ,uh7DUWtPoZkuEE05fghJ_w,3
P7Qt34VblZupUifRJ_5hbA,u_vPjx925UPEG9DFOAAvFQ,3
F0Oco8PiWbkM3INpbIh1Pw,LHyj66waFlDcw9UToo27JQ,3
Tr7YMpWd1XZdXdm35CatqA,vJvEKFtQ8Am95tWEkiwOGA,3
DeVGAiOf2mHVUDfxvuhVlQ,7SJoMX5ti-VoEsEW6mJLRA,3
FOoN3DJzDUnl4EAQaTJIGg,rqWIntPaV8TpJvgT6H9UNw,2
gvyYZgFdBbcT3xGjWOvZag,oD-C0IhodDOtWWOiNm2txA,2
C_CqWSkpn2aOnUXtHx0-iw,BnpuVvPy3sfLlkqKCx6Xnw,2
UvY0E6Wuhv_0Bita52RPOw,eEnNw3_hBvxcFHyr23kAuA,2
48vRThjhuhiSQINQ2KV8Sw,qVO3l9Q0-KVQE7W9JL9ePw,2
k6avG6pxvPQcSxFZKwWI_Q,2dCnTMv3Hh-fM8bOjYS4Xw,4
YJYFsF4z-C2qODH5HnGXiw,HGuHk935tyokX6kveEviJw,2
771OWzbzelsEeSlx8QsfsQ,62HlThvB9Rm2QFu_OdXe7w,3
LNPyE5X1K5B_flcTCH9StQ,BORPULADzZV6_LJZzcsywQ,5
qQecSd0lynfB4g-LPa9JCw,ybHlmdUHLPKfv85bRK4Wtw,2
9ks-80ZxeCZWNObzEbW4-Q,CVKOPzBVOj3_apFUmZ9ZWw,3
O5VAQ-dbR2Bk0OZLL1L0Ig,0jtRI7hVMpQHpUVtUy4ITw,3
kmE8w5Y785eZmodsx0V6Ag,8mIrX_LrOnAqWsB5JrOojQ,3
YQPDBJKKFFseQybsvo2rog,zUgDrRtGvK5ZTFlHCsTHwA,3
aD263WOD4RShoqgvVhcKqQ,Cni2l-VKG_pdospJ6xliXQ,2
EMM4HqI1mV7SwqXen6knJw,64dfRmMmUsOdLnkBOtzp4w,2
zFYs8gSUYDvXkb6O7YkRkw,4JNXUYY8wbaaDmk3BPzlWw,2
KxGeqg5ccByhaZfQRI4Nnw,cKgUCzMGuRgkbKXUsgeXUw,2
quDu_Z0-i9TCYvdHRnULEw,gy-HBIeJGlQHs4RRYDLuHw,2
6pzA8EDhHgW3A5-rBObhBA,Po0QGzgwFrfnGJEi_akCjA,2
-RhRXVW9z9fs5zzxhFfnHg,5FIOXmUE3qMviX9GafGH-Q,2
fRVNHAl2RjosC67Y67G3cA,Ro-_PAzq-Rdxl5JhM3WmoA,3
55bAo20xQNIA2CfMKIDtPA,3Jq5LfJ5fmJ5KmuA6VHmzw,2
ZUnmsVs1Vdp9_UtG41u7mw,or4UVDjXEEjze3wNPjoAZA,2
wcDhhBk1d0_lCdvB8sds1g,szhJLmdLDVFTevm8fu0T4A,2
P3B7FfBpXERa-KdxwIGkHA,GIhzzb9tjqLCYdNP_k3-dQ,2
zBi_JWB5uUdVuz3JLoAxGQ,km5aBHRss5ir_B0jvEErzQ,2
hCy4Kkyo4N0fFLMDpKjYyw,WXR0ND0KqbArMZDvFMA-bw,2
PfpRvMAESbC2bC8FUIMdNg,1d6c6Q2j2jwVzBfX_dLHlg,2
8DEyKVyplnOcSKx39vatbg,7sPNbCx7vGAaH7SbNPZ6oA,2
L8P5OWO1Jh4B2HLa1Fnbng,UV2Jt8slktGu14gLZeNCjA,2
P7Qt34VblZupUifRJ_5hbA,DbEszO3wk1xVmN3pCPob2g,3
P0rGN5mDue55uIiAzkrRlw,DkZuVzYuylBanEsWK7mNGw,3
Y76nS3L426UCz7N_1pUfUQ,avkOIpslBUFZMQhELpl3JQ,2
46aM0kni0GXjS0zx0-zTfA,TT4XW2WMG0PNyUIFBIINuA,2
gOYgSEbE-Z7cqGsgGW3LBg,-ubMwuskT2uS0GPSZpxaxA,3
eZeBuiVZWT7u3SktO7mv9w,PUneCUDGvdgnay3uvI89fA,3
r0j4IpUbcdC1-HfoMYae4w,GMrwDXRlAZU2zj5nH6l4vQ,3
0911xXCgLexupPGkDJusLQ,0_aeYE2-VbsZts_UpILgDw,2
cMEtAiW60I5wE_vLfTxoJQ,BGGQOJQTQerEQu0kHbT_UQ,3
h9stsH2vvCmhwHdfkc_1kw,T3ASfec34b8-uYr3xZj8Lw,2
Se3XL5Opy0e2cHbxxjs2ZQ,JhLnkKRtc7Ukt6FZUsyhdA,3
BI4jBJVto2tEQ0NiaR0rNQ,PWGIAIXAoh91nayfIOQMTQ,4
P19z16iz5I9Hh4T99pY8Sg,RNi6tW22UMgHwWLAb0mYdA,2
9KCoXFS7alSJsGfFsZANFQ,ZOmf-3NN4Z59b2Fw6VAM7g,4
r2R9t9_0Je8wP-wh4-xM3w,So132GP_uy3XbGs0KNyzyw,3
deL6e_z9xqZTIODKqnvRXQ,zXBrfL_ohYMuBZWvF8EcSA,3
92e_B3VDY5TqxVYsKuNzKg,Sy75QB18Sv-xNp8FoA8KvQ,2
CjhTdmN6qWEKC7Zo6qadow,WHiND6UPxr6WzgGhz2E91Q,3
kqNJHycpOMbTLeEpGY5OnA,w12x7UBSSRsdbp3ZqguG3Q,3
TAUwQExTxDnpPwqhouhJcA,FI-8LPGkc8D_hwx0l0zyyg,2
6rGVoAI0Bl8ZEbMNJWOK3w,apdb7MGnmnx6nGWBJ0ch_g,2
R1RDHafKh9T426DijeRixA,dimv16yFu0JXR1n1SAqedQ,3
N044aCKJv3G5WuvwT5AJcA,f4x1YBxkLrZg652xt2KR5g,2
Hd6pD2G26ObK3gtvdhyHGg,LwQB9H3jZ9wTk24Lr-AnZQ,3
Cfwvos6oFlDquGiI2Qy1gQ,4qG3Gh8QyugC1XvoTlmgcQ,3
7cHcDwzMSJMRaI_pgFNeZQ,UJXLtqJBa1DXcjGLeRwHkw,4
pZ6P_1V-bTSoYG1fg1TXzw,2sx52lDoiEtef7xgPCaoBw,2
8e2KqFt1W67MA3ah09IYbw,Dxaz8OxaadecnWol18kAtw,3
_jjbwHWLFA5GjWFWGLj4ZQ,wJY74R0zAgjxvBf-d4gm9g,3
CDvhiRiczAq0M5pktyiyog,ByFMv3p5X1aNeZhU61rDcA,3
pqeKwWu7n2hJuvh1I7DMZA,na4Th5DrNauOv-c43QQFvA,2
qewG3X2O4X6JKskxyyqFwQ,r8Jr-7YfkhJL2nxk9lxUNg,3
mEzc6LeTNiQgIVsq3poMbg,5ma1OUQWy_Ds80xUiP7JPQ,3
Ad-v2Z4vvuzxZxbpywIm0A,p8HvhJZ-_EHhmUVmZN15gg,2
M-xJMhi-HphpWaD2992K3A,WpI5MZC3XzlTpcUOKXzCbA,3
jyz8-hAPGRjurBVp9DST9A,pKiSzUlBBRNEdTML24piXA,4
f587WkOuLAotgXOVAybylA,Q-fXNh68OldNdotEVEJuhQ,3
gq8dZgJConBUANpSFzKKjg,dYDuaXVyIXMXlmeMYf2ktw,3
jY1shXf_LQVhSoUyoXqQRQ,gO_z_5FQVHLCiJjOsfE1fg,2
gtuRablOmw5O08QoKbn0fQ,DbEszO3wk1xVmN3pCPob2g,3
N6ZTMIue-2b30CJv2tyPGg,1qwkbN3wu3AGDxMTXVz2gA,3
zgV0ZroIF956gw4cul8MHA,YVd2yYNjpiFg2s4ToMRmPA,2
a48HhwcmjFLApZhiax41IA,beuVp5CZxCdNvQIIPBS2rw,3
TprC8sujz8MkwuomrqUSiw,SueEpC916vd8Lo3Lyl9_pQ,3
qibGLHABNReGeJr2w4_8yQ,SkO0Kd4_bO4VWTzCa_k8_g,3
SfY0jEFqBkrqq9bVi6P31Q,XnJeadLrlj9AZB8qSdIR2Q,2
XXKjsdglgwSs9kWtK6ZWUQ,nu1GQ_Q43JqzrWMZE_dE1Q,2
A2N4y0VeZ-3TtmBVCSVVnQ,3vxIqhm2jCVjkUWtmDvTsw,4
Yej5B4nd8PqpHMQcmCTDrg,fT6Uwl6abRQfiNgxre_qbg,2
bzU8Cl6B9nqV1i5NReobvw,zoODlH40edpJYLPLkHilNA,3
w-w-k-QXosIKQ8HQVwU6IQ,rtlsfmdufArhk-47sWIf2w,1
zQTEbn5nWGPypxOf2uRPmg,CoyeXg8FBsS_d20QzNIy-A,3
sYQyXDjGaJj7wfaqz5u8KQ,bKxKPGmkwH-Q-GSbt7chNA,2
tH0uKD-vNwMoEc3Xk3Cbdg,6xgcHeLad-VaoTIQewK84A,2
eh9uc8xHYR9-rki7fWggQQ,y8d90Pt16Nip-B5UXWBP-w,2
uAJNBvcJA2kIsGx_sSofEw,bIzoX_6PNnpxPiwhJeUMfg,3
T9QzRoP0LZYU7yar41Q7ig,0PFf3RKtDQyHnrdcPo8zMQ,3
79D7HDjpw0iZq6iu52vsSg,Ktia9NJfvxVxTLVcEnw9zQ,3
DK57YibC5ShBmqQl97CKog,Blfn30Y8tvYq903oLiIf3g,3
W0VE9M7Dikrpol8j1_QqyQ,tUFMDX155FxhNX3sQb2dDQ,2
QJI9OSEn6ujRCtrX06vs1w,2iLeiQ4OCJVwfodR9egMag,3
l8N9a8BG2G1PHazbieOqng,33Tr0eRki1Yamzleu4GMdw,2
FNN2v38cAZucLMxMmN83JQ,h6Y1-KfN2XBkcrV85CS8yg,3
os-sDQoh-hCt2Lg76z6ZUA,MQI1rSTE2LGrrsPPgenCrA,3
XChCfeJ6Yx2NDJIpIgRhyg,sjJOsKnXxsQodXMr1i8fsg,4
gVQadQoIWEqzDuRcrek2Qw,wuQDMDlqM17jQNo0lYQZ7g,2
ysCBsXWPB-LAiewVS3jZfQ,BCAw9a_kyx2RddRH9tMmKQ,2
rHgT6lBbZ2PaHt0UWfTMtw,966W5oXOBW0ZWhNYy0yjcA,2
TZelLnaGbHgaG7LBI6rfgg,ndXuzuD4BpNIrm1I0nTsww,3
xDl9ZF3SckkZde_48W6WeA,RAh9WCQAuocM7hYM5_6tnw,5
De-dImXf-TOFWWPTUWwIvw,D1BrHyiZON7u_ef-qt4_Uw,3
t7b1lU39lHosuU9_U4jeuQ,DMyoxEaTGTakZxWgh1D5bw,3
b34yOQoUDev_l6BzDBMpUQ,oD-C0IhodDOtWWOiNm2txA,2
_txhy3UvyGffFh8FLO2_qw,6kkxRV8H9SQLybj0xnEbMw,3
e3c6w6sM8sJ_g0IlF6CSog,DKXUkIrFnMUMF535gf-dPA,3
A0j21z2Q1HGic7jW6e9h7A,9a3DrZvpYxVs3k_qwlCNSw,2
XEHZoTDWjw3w-gcQyYIe4g,YgVC9NdMji-VV05w7-E1DQ,2
xR4engcg6Vm8xToBgKI5FA,mnwRtuVQEsIUomBchu0gwg,2
7vyw57vXvZl1LAXK4vzQtA,SAIrNOB4PtDA4gziNCucwg,2
zwLq4aVDSH7HyMbVjKfkRg,na4Th5DrNauOv-c43QQFvA,2
ju5QIg3E6QbcZhtG-gF6Qw,YXohNvMTCmGhFMSQsDZq1g,3
AEaQGWCD4hL4QIv2oAHkBw,vUnmi0uI8p35RxYAEH4Nlw,3
XOk0Wx1X2qzK5GQq05Aaww,OQggqcQglU-lHY3rY-8Lhw,2
79D7HDjpw0iZq6iu52vsSg,FsCujpVh9Za2Dl5MIYLCxA,4
D2ljL5ejuqpa4f8fnZ1qjw,XMMLRvV4IMxIGyc4H37LxA,2
7Oe6ikklTjVBbEFw9emLcA,HK2Ki-PvnNN-YMTlX1uSVA,2
53bZ_EsXH71L7iFs5MP9_w,7fxebHYUwIF6CakxSr70iQ,3
_ykg4Fp8j_tU83q2tYC2FQ,4GXII-GU7S0ZyU6ElkhscQ,2
7Q6nBHl6NJ9gbJ900FkkAg,IMLrj2klosTFvPRLv56cng,2
G-_KF_Ul4d3WGEa-G0Iq4g,GIhzzb9tjqLCYdNP_k3-dQ,2
ByNfFYaW544SRchjvAHscw,6oKZoCI_0ePyzfRqSFMBig,2
_jTNDvLNoUJFJrld7MYBmQ,EjzMHfwqAmj7BgdzQjquRQ,3
j_j4DLfvNkhCRNWC0VBS9g,3KFWuiz8lla9SospgQn6Yg,3
OoyQYSeYNyRVOmdO3tsxYA,q6-SF8zHFU1AWO70k92o1Q,2
KFZISl5mOUJ6bu3qCUrO-g,BLIJ-p5wYuAhw6Pp6mh6mw,2
AmMd7xpnaf8axS_roCBFRw,QXV3L_QFGj8r6nWX2kS2hA,3
86RJ2VAQoUypqdf7ZEpEXg,vHz2RLtfUMVRPFmd7VBEHA,3
5HmK6riLkciM0Xxo1ycNTg,ZCzey5aPhd7jYIoHsUfjmQ,3
jX7n6KfNZ22kBh6AHhxRbA,3cHL1r5w2oLYH-veijtweA,3
Pm1bHgmnkOJOFkHPAr7PjQ,Q3G58vv1ClvH4re9QBsVgQ,3
PKEzKWv_FktMm2mGPjwd0Q,2iTsRqUsPGRH1li1WVRvKQ,2
pW08HeUH6SJGBewy15PD2A,d10IxZPirVJlOSpdRZJczA,2
jUZW1alRK8QvdZ-pH1OquQ,nu1GQ_Q43JqzrWMZE_dE1Q,2
DPswOikKjBepBJVZOECQng,IhNASEZ3XnBHmuuVnWdIwA,2
8DGFWco9VeBAxjqsuh1aSw,eq-SNqLqUP5rAc_PZAHuEA,2
siVtjO8xrSxbrK-zqXCGew,E4JyAzB5_2quptwtemyhYA,2
3nDUQBjKyVor5wV0reJChg,YIYE7Zk61McLaekLFluzTg,3
QJI9OSEn6ujRCtrX06vs1w,lKOvx_aAXiXQGooZ-4bq9Q,2
w9WmBotuUdQlmuLa3XUkFQ,elqbBhBfElMNSrjFqW3now,3
1kNsEAhGU8d8xugMuXJGFA,fzHBvd0HZm1yB3UIMqZ3bA,4
hA2X9akTxboda17YqbF20g,N7yuiiu8jhQ-Fl9Npflreg,3
TBLdjYJMIDaM6dB23AenLw,u_vPjx925UPEG9DFOAAvFQ,3
46-qsKjqR4vptCIYrHH1yw,vjhB95c5nOXflNoyq_jKzw,2
MWuVbyBgP4vD24Rc7UH5xw,SHFlELFcEcAOJv_fTAKChQ,5
0aGMVKiNqmY1kCc5983UkQ,yfxDa8RFOvJPQh0rNtakHA,2
jo8vV5iUZLHp617cTKZ7mA,YNHvFEvp9VDNwX5VhRanYQ,2
Olo_x4fV1sFBtlj6COf9Wg,6QJAT0N9X2dRqAtQyTw7Ag,2
tL2pS5UOmN6aAOi3Z-qFGg,sWqQQRiD3YBxNJlPrMSNIw,3
bLbSNkLggFnqwNNzzq-Ijw,ajoqEHnCZTD8-8GqGLq9-Q,2
HK-TlD0yVA_tpTXZxfzu2w,T3ASfec34b8-uYr3xZj8Lw,2
6rGVoAI0Bl8ZEbMNJWOK3w,2DmTw0k3bcXuHdAyxO_bkw,3
gq8dZgJConBUANpSFzKKjg,ty5KQYqYRxwXDG_e4pz-4w,3
ctXFXk9-m6PCMoI-Nz2_XQ,PlTdQdCWu2_hjbSuenB3pg,2
FWYjGKHmbjxrkXROctTGYA,FMnH5WIRLyexBYMBUUnDxQ,3
sAOdKC09kMqFfnVCrJRWvQ,JAmQCmczUclNUfZjkNdjQA,3
whINg-cC-FiAv_ATDGMDTg,9edPSkfXKsJmkZYIaOmA7Q,3
bLbSNkLggFnqwNNzzq-Ijw,SAIrNOB4PtDA4gziNCucwg,2
Gfxb_D1k8tueAoGn4cseoA,F8FHXQBpMu1erLSTwUxYeQ,4
ZpUI9ze0YlA6nMSHwx3ZYQ,SMPbvZLSMMb7KU76YNYMGg,2
6jz_Yr6_AP2WWLbj9gGDpA,7cK9uEV09iPmsTqOqmY3kQ,2
cKpBRurDHfW3z-YwZbKWlw,qX116WMOppAblGKxoQwlYA,3
P2ZK_uDduvKbKgmNuyZQ4w,YNDxeeRUARbd8GRnscJSvg,4
KxGeqg5ccByhaZfQRI4Nnw,UCqWJWovgeelP1OUI_L90w,3
XzvdDq5VTiRZTd_6BHT08w,xjjxHavx4RIiW6zS6rasGA,4
MaxlLd0HZmCtdZ3yJ9pyJQ,NvKNe9DnQavC9GstglcBJQ,2
Jbd1x8jj3EgOkQMZ3RImKw,_t8B7bb-Q7kmn50kvGEKzw,2
q6XnQNNOEgvZaeizUgHTSw,5keoVVM81g-nJw0Zdpl1nA,3
m1X96vPIYRja96l0O0G-3Q,iZMdwe0xebE3rF0x3LOr4w,4
bnKo6L4MgcUbLZH7fmnkrA,NFMD_-wFrbfdhTcdHPDCZQ,3
hWDybu_KvYLSdEFzGrniTw,g3t2AQQVT2tWD64Huu7xVA,3
u3rRXtoRxE5W1O19yVfslA,Xg5qEQiB-7L6kGJ5F4K3bQ,3
0ygWZ_gXF8qTm0bY95JJqA,cs1qJvnWUg_f8g020z_3PQ,2
LgFDWZTLi1w9OGi5BtKORg,FMnH5WIRLyexBYMBUUnDxQ,3
XEH2VtVx5ZYATKEM4jZOXg,Wg9272hxpu9IBTXMTB6EeQ,3
XnKUcmayZd-N43fR2n-0Ew,FsCujpVh9Za2Dl5MIYLCxA,4
s76BDmBx_8kcxGFDiU6k_g,FI-8LPGkc8D_hwx0l0zyyg,2
YVQFzWm0H72mLUh-8gzd5w,6bgjcFOy4WHMyw62_1V9Pw,3
EC5nxNCWCmjHg1F14WrlxQ,qTTBJ83d-nWSnQpXyd44gA,3
D3fOi-5w4intrUTWXzIQew,_3FxLxdg1unUQc3QqIgJuA,3
OmBHPdD3UhTeO3UHq6kBjA,Bo9uuPiAsq_z02eb87N41g,3
U4INQZOPSUaj8hMjLlZ3KA,t-o_Sraneime4DDhWrQRBA,2
qtOCfMTrozmUSHWIcohc6Q,FNe5PPA9pyj8FjcDefCBpg,2
jI43jHCXx1R-gg_vYcQWww,5XVabANkehj7oH-Z7YZkwg,3
o7sVRYWSskPEv9veCYes-g,rqWIntPaV8TpJvgT6H9UNw,2
LvLaYXjvzdrPDXC3Zv3XoA,eoyvbnRYQe-z85e8Rc6vAg,2
OXSJCjKtvZPf-YPDCXcWZg,fQt4D34vcJNtEf8Q4zte3w,4
JADdo9NEeO5Az9aOYbyvZA,3cHL1r5w2oLYH-veijtweA,3
9pNcdrQLWWrX0vEGGJlEbg,D4xv7_wwYpZEZar4DwwYYQ,4
ABrS2sgtZA1hSH3YTmNFPA,Ec9CBmL3285XkeHaNp-bSQ,2
DoRCeCcJbrsM2BiAKj3trA,kABF0hYfAEnl166mn1zR1A,2
Tr7YMpWd1XZdXdm35CatqA,Xg5qEQiB-7L6kGJ5F4K3bQ,3
V-BbqKqO8anwplGRx9Q5aQ,8796vXaydw2aY_zER0n9uA,3
qKJEQrFtW33HWqKzvn3U4A,qqs7LP4TXAoOrSlaKRfz3A,2
HFItzRohDHZvcKDrM6ABZg,O_UC_izJXcAmkm6HlEyGSA,4
LvLaYXjvzdrPDXC3Zv3XoA,9p-cpmHaga-EXyc6ZzYCcQ,3
W9MPolPlUiUEXYfGnYiHEQ,3kdSl5mo9dWC4clrQjEDGg,2
HJj82f-csBI7jjgenwqhvw,aqwn3jdQLCWnb59gHK4nAw,2
CNaaizAUc2c4WIb1M3BBPw,iCQpiavjjPzJ5_3gPD5Ebg,3
hd-S4mtrPY9Q6iuBJegnOQ,dm6sO_Y8JdKTE1ZM955yug,2
8QKrhvVqhEkD8xo4E4s0GQ,OK0ba4X5seibH8oMWh4bhw,2
6pzA8EDhHgW3A5-rBObhBA,oUX2bYbqjqST-urKbOHG6w,3
leY7FqJ3NKPzpM5awAQ2-Q,0_aeYE2-VbsZts_UpILgDw,2
sCelgwFoaNLMC_A7Y8usCw,qVbZ_VrZEGJKJg9ZpkGzjw,3
dIHHaoF-yyIvBFEOyEQ8Pw,nJUsNx-LKAZ0FHGm9mnmaw,3
ssz4_Rj8p1CLgO2WWnIoTA,I6EDDi4-Eq_XlFghcDCUhw,2
6ZC-0LfOAGwaFc5XPke74w,-U7tvCtaraTQ9b0zBhpBMA,3
G-_KF_Ul4d3WGEa-G0Iq4g,vcyDFpPtmfpAdCxev1xAvQ,3
3Y7KI-jzy8rMgzAxGgfNDQ,or4UVDjXEEjze3wNPjoAZA,2
VtLHfXQe_VUSP8_DJHpueg,yfxDa8RFOvJPQh0rNtakHA,2
rA97zeqOrUYuEM69n0Xn4w,eOl6WS3oAjtGZpcXfv8tlA,3
3nIuSCZk5f_2WWYMLN7h3w,TmIucPRTngutrjDpC0nXgQ,3
h9RUaaHa5kcQKqtJ-sgS0Q,0_aeYE2-VbsZts_UpILgDw,2
CyAl5D-GjX-ZtqdQqG4_ew,K0j_Znzin0jShXVnpvW86A,2
bhJ6ivAuSpgXP4JiKWjSZQ,qX116WMOppAblGKxoQwlYA,3
4cZ3f3i0Slv2W9mLN_VZBw,WOz66UuVsfc2K9GxzfDnGg,3
yS1kK5EGcwatp6D6hFGvlw,i9D9xPBV0gR1Ja9kbY4NCw,2
eZZyuJDouIg4p-GYB3PV_A,StNAnvyhVISULAFmO_Ke1Q,4
OPN-dDUBkH7uH-G8nOnskg,mVomtOMgBxbGvdPSaF2HjQ,3
zpwWpno3U-oZaG3AJuKqSQ,XwQ6lQro2FKvtD0YAUeOAA,2
M9rRM6Eo5YbKLKMG5QiIPA,zT45hBptOygpgCddHZRsjA,5
NWuFF7-HjYE9dvt_xGbEhw,k1c_bC3DK6mKg797vH1T8w,2
ZpUI9ze0YlA6nMSHwx3ZYQ,A5lD3y2eREchEdMcvWPXBA,4
D6SEKcIne80A0AhwiEV2Rg,pBFewLcdLnf1XwPTE4jtyQ,2
vLixm38Zd-xgAvN1LQJfKQ,flE7Sn2JGs0n3SAtaep6Zw,2
l1VoG-0-bDF-us7xbWxfeg,A5lD3y2eREchEdMcvWPXBA,4
pI_njybTKxqScZ0-60mI5Q,fW7SHgmidc32kHSoyLTM2A,1
at41ymjb1OVu34ii08bCEw,sNVGdeOPeitJ3OWUQBINzQ,2
v7FPnMzdbl6J7U_8H1BWZA,8Zqh2jwtncA3N4fWEMTvZQ,3
N3oNEwh0qgPqPP3Em6wJXw,_Kd0kQ8RF70hJ1ykLqCRyQ,3
Y3PQ5P_R7jcgiIS_1dIv-w,jScBTQtdAt-8RshaiBEHgw,3
gtwM4ijo65AN4DvXdgCu_w,eLFfWcdb7VkqNyTONksHiQ,2
fxrQSMhHlBv6eJVRdchG9Q,Ks0M3J4vZAKsHPuCINz5fQ,2
3AV5ONopdwL5qKYW20SRdg,0gXYLVPNWz0WT8wXQVpS0g,3
ajxohdcsKhRGFlEvHZDyTw,uUEKndnFbHD8mVkGiirtpA,2
FIk4lQQu1eTe2EpzQ4xhBA,4RoTEeqB_MNn6yaqZmlZHg,3
lROh5HIO2jd2VhDOp8yO6w,UBQRhqRMW4Sk7kSZvZ1iAQ,2
AAbUJQ6TIhRnlJOfpy_emA,UESdOMLsXn_7WcwOZt7I3A,2
iDlkZO2iILS8Jwfdy7DP9A,eS29S_06lvsDW04wVrIVxg,2
pwQ8E-hbDUJe3qtKt_IBBg,cTJjTKz2huGZ-ElScC2pSw,3
f7Q14HePdG1vZpx28PpDRg,VR8QvH2g-jEG5EfMzA_G9w,3
25W8CVIdQDIkyPb8ISCGpQ,qvQ-i1HgSloSJLkGnXsfhw,3
e6iCOIhtupBCiw-VwBvJ4A,AhPmh0NaRDbEYyhd9egzLA,3
pW08HeUH6SJGBewy15PD2A,roR1_DDlMk7mhi5_R6XVKA,5
-50XWnmQGqBgEI-9ANvLlg,YNDxeeRUARbd8GRnscJSvg,4
XEH2VtVx5ZYATKEM4jZOXg,ypfFfR3-PbtoslIhohNstw,3
Y76nS3L426UCz7N_1pUfUQ,VfFHPsPtTW4Mgx0eHDyJiQ,2
DquHHYio5bIqZ5vQlC95_w,k1QpHAkzKTrFYfk6u--VgQ,3
3Qv2rjPXC2eNKyV5lh3J_g,wRPPrmpvYowLHXmftrT5YA,3
RQlnSCjuqMnhR3Qk6j4KoA,O7UMzd3i-Zk8dMeyY9ZwoA,2
DGI7LT4-fmllzJZl-OhklA,RhEvP5flF6KoPriMHmVYGg,2
lT49-Xggq_VAB2E9dce0yA,NXT94mdw1KWadc3q0u0KYg,3
renPzRDqMZpMaHiCD_e1_A,jaSowNITPRRCYpPb3_pjdA,3
Hd6pD2G26ObK3gtvdhyHGg,LwQB9H3jZ9wTk24Lr-AnZQ,3
CNaaizAUc2c4WIb1M3BBPw,UYh1N1xQhOh-a7nX92xPzQ,2
loOoIBFpGbkx8WaIpQndiA,osu1j_Lg8R9brpuMMn3a3A,2
T_RiQ-TOeZf8N2kiCNCiSg,-LzUYsR54hd8cCiYXTquRA,2
2HchhLgGj16aITZGVy0hqA,NWioeR6MmKxgYD87EL56wg,2
fwasfCCwbxLjxLNhYLuF3Q,4K5NUsinIgtq-yuxdp2HdA,3
pgUQjUl_2G5L9EreDzIjSw,4s_cPDS_AkLP1fXMJPqB2w,3
ugNQV0isqQSAuuGzoK87sQ,GHS1rVjO-RMcRB6WJLpCDQ,2
_VMGbmIeK71rQGwOBWt_Kg,DkZuVzYuylBanEsWK7mNGw,3
KrT4LHYdRt-m1DMPtVKN4w,QMKgn9p_hRUlumBDAAfWlA,3
Qjrn5UsK2HBZxx40HYA1iQ,Gu8D1YoKErqVNNX00qkEaw,3
DquHHYio5bIqZ5vQlC95_w,_n3w5BK4-k7iXCWifCjUZg,3
1dWLN4Mr4hKhu8MQUCKqXQ,kICgNgVRkIh4doz0atyMMA,4
3Vd_ATdvvuVVgn_YCpz8fw,RhEvP5flF6KoPriMHmVYGg,2
PnP7LY0ZyY0JkbZp4ecz5A,N8uKQ5Vdb1LAh-qXT_25Rg,3
SoiacX2r2mvHqIh3GgRMUw,Xj7DIGRHEchJ-VVdISazQQ,4
gakhurT9xcjCdPCBY541Gg,Er8DpPwf_lHHv64ncWhD8g,3
LRki_2GO-IGTh-3IBOBOMg,aKFA85Miwb96A0IAS3mRgQ,3
oeAhRa8yFa9jtrhaHnOyxQ,j8pUAS0qdEcPsjkqEDNbhw,3
clmrlflES5HrXS-gl_YmrQ,ORqZyyZafJyZcgTGNrJ_oA,3
TGSi0e7-ovol_PBIQgodOg,4k3RlMAMd46DZ_JyZU0lMg,2
QJI9OSEn6ujRCtrX06vs1w,ZrXYLXcEcDvYYBErmafobg,3
Wi0VgIrbb8vqU6weyVw6tg,dn_ipqbm7_jUz5X3rDez_A,2
7HOTOydGS7wJYaJqNoDfeg,LPnGdeEJyMMO02e02PqZBA,4
U4INQZOPSUaj8hMjLlZ3KA,etid3CozFvEOFcvDwHXsDw,3
m-BZLIIh5PCAKnzH0qj_0Q,JPWg9acsCv_om9UFYGMJbA,2
iSC96O2NjQc3JExGUHQG0Q,gqcJHVFCPeBRGnDf8bFzMw,4
VdkAX9khigCjpMGuMNWYMQ,uh7DUWtPoZkuEE05fghJ_w,3
A2N4y0VeZ-3TtmBVCSVVnQ,S1N5-ZXwR4fUIPs6dLnBYQ,2
gnT-tmrXE3BupwTODOREvQ,wNXw53wmePcf_V3rF18LUg,5
3h3qmd0qgTA_-hnlcCodFw,pTZ4u-sEQr-yHq2Cl4EMEw,3
jUZW1alRK8QvdZ-pH1OquQ,DnV2o694nhnjuRmyR39l3Q,3
0tvCcnfJnSs55iB6mqPk3w,jBh399TajGcH28Zo2J1pHw,2
pWEzY3YY0zEAJLlGSSucrQ,eBj_YyJU5jVu6tbZCkdtDA,2
YE54kKTuqJJPNYWIKIpOEQ,jobP3ywRd3QNZ_GCoPG2DQ,2
Ae4uXwFHp-5fGrt6OONaXw,OGQ_6nIn4QQL2U6t0XeHtA,3
9efCzgW1smpgjdjzCxG-Ig,upB0RQl-l529IVwgOpwOQQ,3
gqL5KBs2oS7qobnyd99iKg,6nKR80xEGHYf2UxAe_Cu_g,3
M9rRM6Eo5YbKLKMG5QiIPA,bk4FIHt8ODRBPfqL4Fd2aQ,4
iDlkZO2iILS8Jwfdy7DP9A,h6Y1-KfN2XBkcrV85CS8yg,3
9uE0smG2bwgkI95RPj0lPQ,OtGSQQzV7uF8XPAsNIh7Bw,3
24AzZDQKHySwMQR7VQVCAg,Nc7-nyG_RzXrEqBuxihcgQ,3
YJYFsF4z-C2qODH5HnGXiw,axi57Y3h5c8BxM1Xyj0KBw,3
s2o_JsABvrZVm_T03qrBUw,LFs5jyYdXlzi0SpAYi1eSA,2
B1829_hxXSEpDPEDJtYeIw,BFibmswPtBNyChp8vBHRsg,2
lsZlV02ZdqEzR-qILdT7Cw,IZivKqtHyz4-ts8KsnvMrA,3
BlSbxxb1vyfFoLGjfHh5dg,qutQLFutEyHy440jpADnxA,3
yi_4YTVS6XL7s5atKPbmpA,2UgRg5a6KmpbD_SZfhNrKg,3
bpgbVPJcG-wQ4cNBcPPIxw,N5B7OBTyNGgwU_Y2fwNcyw,2
y5rqDe6uO06WKZ26-Pla8g,eJNHwNoCk_hZbK8AeHDZ9g,2
6Nk8WX1STMTEuKjmRlrh6A,-BxWyEIQ6wypT-37MzZizQ,3
JYcCYNWs8Ul6ewG5kCYW4Q,p3YqOYELqXtLyHz9T49p_w,2
ZyGrNTbnab8N3kmesYaQBQ,D1BrHyiZON7u_ef-qt4_Uw,3
zgV0ZroIF956gw4cul8MHA,pH0BLkL4cbxKzu471VZnuA,3
Pm1bHgmnkOJOFkHPAr7PjQ,t-o_Sraneime4DDhWrQRBA,2
z8wN6EQuw_JF-zTjcNgsLw,VsewHMsfj1Mgsl2i_hio7w,2
oJV6f25IK_UeghoFmalPvA,1bdwB6hxMUnSKF8bCsmuZA,3
kbfpED-6FURIsNlsAXqc2g,mnwRtuVQEsIUomBchu0gwg,2
nmdkHL2JKFx55T3nq5VziA,AV6weBrZFFBfRGCbcRGO4g,2
jZUpqurVtlrN2QrgLxQzZw,4Hx-brYb86k4C1VSKPvj7g,2
zzPvEodjvLPe-5NvV0U_cg,IT_4EEIbv6Ox1jBRMyE7pg,3
n86B7IkbU20AkxlFX_5aew,w12x7UBSSRsdbp3ZqguG3Q,3
YwaKGmRNnSa3R3N4Hf9jLw,KmuLLSyZJdNoarwcIERHcw,3
8DBH3BpLINfTAK_Up5BtUQ,vl2IZrNJEA8npSjqXbdwxw,2
o68A_3bAJTge-ioGXHdxKA,TCWMgOiV0PxQkWE1SyBIWQ,3
eY6TPklHTeOaQt9F8a_SGQ,wxL9wgxLeuMMfI6SAXIzJw,3
R1RDHafKh9T426DijeRixA,XMMLRvV4IMxIGyc4H37LxA,2
mrpDR4jeLYun7bLMbw5a4w,5_ymZOB8eIfi6nzzL5-SbQ,2
sOudRDE_R3VYni0rEYFkSA,Xj7DIGRHEchJ-VVdISazQQ,4
lsZlV02ZdqEzR-qILdT7Cw,OiqDNSdnchr8zQhiMSInLQ,3
zpwWpno3U-oZaG3AJuKqSQ,p8HvhJZ-_EHhmUVmZN15gg,2
n00anwqzOaR52zgMRaZLVQ,KUOa1acSFn6DkO9jp-sn6A,2
PcPminF0bIUsKjUh9e4DMQ,Q3G58vv1ClvH4re9QBsVgQ,3
JYcCYNWs8Ul6ewG5kCYW4Q,tXqaK0lBEE1XJbzDPsdFvg,3
L8cvMZLWmM4qWTl9SkxJ8g,9edPSkfXKsJmkZYIaOmA7Q,3
YIMeEHUYm69m-Mqf-NjPHw,dn_ipqbm7_jUz5X3rDez_A,2
3wB-JjsUjkvdNUDRnChsVg,pDewiJY6KCcZgLxxgxg13Q,3
jwctwzboGhQmtC50Juxa9A,6f2imTsIysASgHh2t91OOQ,3
_ir8NHMtV7KPTwmBmlkmQw,TfabYPasZ1oOMN6JLa-yvw,2
SrF972IxsELYQ3eaWB5X4A,l8k4gOEkfoLKq0mPVWHWGg,2
Z0GA65zCMI4ska4iHRr8Bg,RMt2bLmZQw6tcY0YFYDgmg,3
YwaKGmRNnSa3R3N4Hf9jLw,hDyc9DdjGldhxis5E1rd3w,2
Thc2zV-K-KLcvJn3fMPdqQ,Ly2ShApiomYZwKehwb7eRA,3
y3FcL4bLy0eLlkb0SDPnBQ,KwKkNTxYGyo4H6pKZ6usSA,3
EJ7ZhRHsMWj8du77LX34gw,MgHWbwuxxb_txhI3lK_bKg,4
8ZryN_S-n48g6rsa3W3QtQ,UYh1N1xQhOh-a7nX92xPzQ,2
8la7DygWKVkfpDatXztktg,fQt9QVAZM9PM0wFDdROvWw,3
5HmK6riLkciM0Xxo1ycNTg,fzxvmA3Ygu3yrQQ6-cEpTw,4
_AwABkxw1joJPXn-j9dNiA,rqWIntPaV8TpJvgT6H9UNw,2
j_j4DLfvNkhCRNWC0VBS9g,f2z4RM_ungk_zQwcpZcpcQ,2
sa5zd7bwBQzajQB48Y9SUw,JPWg9acsCv_om9UFYGMJbA,2
vupnMb60HSaTZrMPYsNsiw,tj3YzWsjMbPU_ivDkyOE3w,4
OoyQYSeYNyRVOmdO3tsxYA,VHZPbCbIPHEkKOotdCTiow,2
EJ7ZhRHsMWj8du77LX34gw,D3dAx-QW_uuClz4MambeHA,2
qKJEQrFtW33HWqKzvn3U4A,dm6sO_Y8JdKTE1ZM955yug,2
ExI15M-oXjHcF42-G1xv9w,ms7cmWkPiSBDTnz-1sv2kQ,3
cImvLb3Wvd5EZ8SRjKAPsw,Zmfq3DVhHdtVChhSxzoUHw,2
gvuvcjAVl1ElyXTgU80VRg,4k3RlMAMd46DZ_JyZU0lMg,2
uEvusDwoSymbJJ0auR3muQ,xVEtGucSRLk5pxxN0t4i6g,3
WM7MFrRP-7YFuGBAJ6quRQ,v_yCY6NCwxCPIsNZR80UfQ,2
PAzgMhSXGokkOw2CMZUI1w,cePE3rCuUOVSCCAHSjWxoQ,3
YIMeEHUYm69m-Mqf-NjPHw,JmI9nslLD7KZqRr__Bg6NQ,2
FREeRQtjdJU83AFtdETBBw,HkHTdTvzbn-bmeQv_-2u0Q,3
0nOIH8qIMnmZdLCTemnRsw,D3dAx-QW_uuClz4MambeHA,2
U4INQZOPSUaj8hMjLlZ3KA,inuW6Gl02Mf8G5RRk39_lw,4
4ECIXWllFTxtJaj1cKOZWw,UESdOMLsXn_7WcwOZt7I3A,2
_i3IZYU28R3xgV4hxkmKjw,PXShA3JZMXr2mEH3on5clw,2
d_TBs6J3twMy9GChqUEXkg,Wb6Q0YVcNghQ2w20hUYRoA,3
7dnh9OrD8LekBwvachGH5Q,B32Ghxep_UhiscserSXMSA,2
qtOCfMTrozmUSHWIcohc6Q,X91rjC4EkH_3ZGY3ciIs8Q,2
RBZ_kMjowV0t6_nv2UKaDQ,yNPh5SO-7wr8HPpVCDPbXQ,2
3nIuSCZk5f_2WWYMLN7h3w,ifHBH2gZS_feI6JlFbGFfQ,3
PdgpUK6fHArEXsPcKFHXOg,eDlgbI0Qg_mmI-Osvci0gw,3
aWXGwath_dSGPwNdFiy9BQ,P7pxQFqr7yBKMMI2J51udw,2
tH0uKD-vNwMoEc3Xk3Cbdg,0q_BHpxbikVtPRRLRu-U0g,3
xNKjIktegMyHVSXFznJTRg,NY80DkkCfEl198JmwtO4pA,3
pazeYPyJ2ycDiNDcmamntQ,Ns20WGWn6s6niKAGIQB4UQ,2
I1vJAnZ3-hUcD9gE8m00_g,C0C7IxBSC1df0FwXODZCvw,3
Tdv7HZa4Hyjm-X0MtNmeag,DO3FefiMYiPYsEl6O8W2dw,3
1iQGOcmSxO2pX5gW9uJevw,OK0ba4X5seibH8oMWh4bhw,2
m-BZLIIh5PCAKnzH0qj_0Q,DkYS3arLOhA8si5uUEmHOw,2
diYbASjeqV4CxkoyeBeBGw,cUGFEQOu3_VsOpbvHGx8ZQ,3
e1z9K45idYRUBn7Sps6T1w,S-egzF2c7bRpCUNbZqV8dg,3
YfvMjY-G6y86Ov2tS5Txww,JQYkVnUzS5vgFxZgCuW7ag,2
jX7n6KfNZ22kBh6AHhxRbA,C-u6Ywuq192icOblKm6oKg,2
iXGoQVfBXU0CrwrRBWXozA,AhPmh0NaRDbEYyhd9egzLA,3
QJMOgjRYeogK43kyfX6PKw,FaHADZARwnY4yvlvpnsfGA,2
VVm-TFCpi9M1-k8ED0l1eA,Orgm9nmcClxnAUva4nOKyA,3
CyAl5D-GjX-ZtqdQqG4_ew,dEh3Su-0GWDSQZYRltA6mQ,5
Z09rco1enQXNCd9H0u7kvg,m5TwCxoYp-JcDsbepb7few,4
Xb4aKpOlHkp9dmgTa__Q4g,2s2ww6WaulfOEI16s1uyDg,4
JfnY0VcP63s5RF1sfOHjBQ,8mIrX_LrOnAqWsB5JrOojQ,3
nmdkHL2JKFx55T3nq5VziA,ysv6yhVYOoH9Pf7PlMyD0g,2
7Oe6ikklTjVBbEFw9emLcA,vK1_qKEG7zHvjiTOsN0CRg,3
1v2UxV8i_Ae64yxT17rRRg,SMPbvZLSMMb7KU76YNYMGg,2
nixQjPlfVhMEhrNkmp5FDw,Xj7DIGRHEchJ-VVdISazQQ,4
MC0aQHT7mQ1WJknOD6u8pg,uE1sIGWRJwpLPN858FRPRw,2
NjLRgbRZiwEIMpAgXypJtw,BgthHqiXot2s4Sd_xcI6DQ,3
gtuRablOmw5O08QoKbn0fQ,gTlDDzDEHyDQ6iwjNhpI6A,3
qgbRvkZ8tUiAtNAM34YBzg,axi57Y3h5c8BxM1Xyj0KBw,3
SkpCulULgiBfLc4lV8vx2g,HkHTdTvzbn-bmeQv_-2u0Q,3
7_RaCe5zzPBYWm9znlffUA,4FEb2SzmU_l7SCQAbvW5Hg,4
JesJ-LaNfr3pKhL7gWhDrw,ORqZyyZafJyZcgTGNrJ_oA,3
m7z-tX6XDZ27xGhGjnI21w,g3t2AQQVT2tWD64Huu7xVA,3
3yPrXlvbECGKHSZTy9usWA,qkyCuFJF2Uboh6n2Lmuwlg,2
D2ljL5ejuqpa4f8fnZ1qjw,urkODQ1jX0qQzgbqsQjWVQ,3
-8rSnT5ztVk6vmTDkxTqsQ,1HD5iUUfVJDbfEBIn9yVhw,3
TQ9A1LVp6z-fIc494RsLDQ,64dfRmMmUsOdLnkBOtzp4w,2
OW0PZxoGFGSOthAmN_cSUg,1qwkbN3wu3AGDxMTXVz2gA,3
8DX3pBJt96HqRxV8ACLdYA,hINfDEJ2sAp19-Ebp8NoQQ,5
ihTu74HkXnKGuY5v_Z8b0g,vyQD-pu9jFKRXWI9tt16_Q,2
iSC96O2NjQc3JExGUHQG0Q,ReyjVKUEVKZHmlrBxu_h2A,3
QJI9OSEn6ujRCtrX06vs1w,lKq4Qsz13FDcAVgp49uukQ,2
XrYTMhY9YJvzX2pMepIz7A,jCzrbfboRc3D-9_Gr0Wm9w,3
D43OWyfzIQjL8feJpYh2SQ,XhUec_6-kgPy1_ZYUrzvPQ,3
p30VbeNZC6mzRUTL6lg69w,PtwW1Hwme8Y0wy54zNr8Xw,3
8959F5stCzJWI_I7dgxurg,HGhXbgeMEcg1cIZwxyNDeg,3
22dqLO1If5t3j06a2gd7lA,5FIOXmUE3qMviX9GafGH-Q,2
akEFRm7rqlxIANKyTlaTOg,3xmfT7l3xNH5LK1dLzfvGw,2
OTRxfMCtfrbUemIigxCaOg,3KTY5XZfavc85u0_rLFHrw,4
G5vpnTThIa7Vbjbu7zWQZA,UCqWJWovgeelP1OUI_L90w,3
3nIuSCZk5f_2WWYMLN7h3w,ZV3G2LxpLLuZOFbn208Z5A,3
SCo1UBoeN3bhRMkSYuiX1A,HGvNE87fvK5PwKMZBDkTbA,2
LfKyD_XaTnfKoKujRZ1Wug,_n3w5BK4-k7iXCWifCjUZg,3
045lA8joqI1vPm0wLgZPKw,JsUprRhyzQyukZmAhcOg0A,3
ewtoMdU18BDfoEnRsQ8QiA,NXT94mdw1KWadc3q0u0KYg,3
TS4RfxKny-c8QYcnMpfkiQ,Kbbm6Vd5UdbP10dwjBghRw,2
JfnY0VcP63s5RF1sfOHjBQ,rcaPajgKOJC2vo_l3xa42A,3
leY7FqJ3NKPzpM5awAQ2-Q,ajoqEHnCZTD8-8GqGLq9-Q,2
zzPvEodjvLPe-5NvV0U_cg,yF-KH1l-rLVJaON8gfpyig,3
3uPAF2-YwiTUN5NvVH6pIQ,DkYS3arLOhA8si5uUEmHOw,2
6CbNnrhmjcGLX_FM1vvVrg,Noi53T0PWNEN9mQRS3-Ncg,3
3nDUQBjKyVor5wV0reJChg,9edPSkfXKsJmkZYIaOmA7Q,3
a48HhwcmjFLApZhiax41IA,D_mVIUu5XyrHz-7U_z_pDg,2
aWXGwath_dSGPwNdFiy9BQ,GmdujALb1Nq2RHGr7jhCaA,3
udpfGxriuoBdWRBdplJl-w,7sPNbCx7vGAaH7SbNPZ6oA,2
SCPgLdL2hoeP3Plnc0dkzg,dg5cg298SXZVMo4ZEwSUtg,2
V-BbqKqO8anwplGRx9Q5aQ,_WvEXsx2eZ53lTWHlIx9kg,2
U4INQZOPSUaj8hMjLlZ3KA,2iTsRqUsPGRH1li1WVRvKQ,2
kwIhn1_cnQeUaLN0CuWWHw,_nL5u09k7J7XAww1_UJ-tw,4
ihTu74HkXnKGuY5v_Z8b0g,kABF0hYfAEnl166mn1zR1A,2
byV70bKT87SHgN0uRtow6w,g-ZseseezHTpF5eMfLrLgQ,4
qibGLHABNReGeJr2w4_8yQ,A00Istiu21ObC07-NPstNA,4
CQZpblGIHeMlD7KqNP7J7Q,X5uxdU9GHoUAqo2wmbg3OQ,4
S0YQ47x5g8SfZe87KGvsJw,qgAZPDQStZP_Y5XTiQ6UqA,1
bzU8Cl6B9nqV1i5NReobvw,5eV8oUGdBXylwB7HeaDFOA,2
TdYKJgSgY2GF_YJnwsi5yQ,GI-CAiZ_Gg3h21PwrANB4Q,3
7QVNLrJDkjsDsCtODlPdsw,ms7cmWkPiSBDTnz-1sv2kQ,3
ZsUSGU1-L1ImomLZjXxxTg,P8uECqGqXWTwEndkh-6bQw,2
0UI9KTPdtkwl9lMdMT-Sgg,CUivTcULsu5MJIYYNVm1zw,2
9efCzgW1smpgjdjzCxG-Ig,XZ7eQLjyGXf6y69UT4SGhg,2
q5afJ8gTV5TPEOkzyeJ_WQ,UPIYuRaZvknINOd1w8kqRQ,2
rypcWiSNGM0suWsiSLh9xA,ebEP_MZngIWKH0Ixobcqhg,3
aWXGwath_dSGPwNdFiy9BQ,Fv4EXwV30rwGD2NzN1ekgA,3
ldqh2aWLTW6D2RHDCj_2TA,w12x7UBSSRsdbp3ZqguG3Q,3
u0JoB0Vm1ZhwF8nysxPnfg,STtrEGylaYOXoXQFLP5OAQ,3
4ZkQwaOoLT2eJWux9fE1Jw,szhJLmdLDVFTevm8fu0T4A,2
hilL60vuuh06sMxs6Ckkog,jBhOVAEdnzCJvgSnvA4UDw,2
vupnMb60HSaTZrMPYsNsiw,VuCrxI61nT30OndMcrPgkA,3
PKEzKWv_FktMm2mGPjwd0Q,7nRlDLrob6oK5zmGo4Vpbg,3
lKPUyA6DveoWk-3zFrHA9w,aD-YA02i2xAqLBDon1tzIQ,3
3NW_sfFhRFxxmo3x4P7Dig,Vay9xHwcvu7VRZOddBgn-A,3
DPtOaWemjBPvFiZJBi0m8A,Po0QGzgwFrfnGJEi_akCjA,2
q9jCDNZDRUYl2Pwlgxocig,Os1n1_idfw9vv9kwULGJnQ,2
vPOkQJKahhR13LQ2ElSFGg,EV1jAj7NFNmNIqOnwZ4Acw,2
iDlkZO2iILS8Jwfdy7DP9A,pTZ4u-sEQr-yHq2Cl4EMEw,3
lROh5HIO2jd2VhDOp8yO6w,ndQTAJzhhkrl1i5ToEGSZw,2
NrpzAH3EoNhWUR8OysUhBQ,7SJoMX5ti-VoEsEW6mJLRA,3
pZ6P_1V-bTSoYG1fg1TXzw,y4ETe3DkcIjjr_eyeg5U5g,2
ksYpOznbD-22wYpTiacHwA,JyxHvtj-syke7m9rbza7mA,2
YfcXpAQtz0n84aqw_CtNvw,y6QP5IrOJ7_FsB51jN2_Jg,2
_8y-kAoK4BQ_MmzawRpQFw,TCoBE_BkDRrK0bWrh5VueQ,2
0tvCcnfJnSs55iB6mqPk3w,-_yEVC3_3M6YOsamYfNFEw,3
RBZ_kMjowV0t6_nv2UKaDQ,qS8RTVYBHECxDtOVSyZJkw,3
QPREECpJrp8Dj3_TK22oqg,DOPUavsTUzTcpn3PrK5tUw,3
oeAhRa8yFa9jtrhaHnOyxQ,D6WXf0lB4pfuXZH3P7c5Ow,3
5Wg5OanfZ4-2dCxEo-qjsw,oxwGyA17NL6c5t1Etg5WgQ,2
PGBTEyJKUDzE27rfKyw6QA,Qayz6avNEPNS6Q5UThYHCQ,3
G-_KF_Ul4d3WGEa-G0Iq4g,fKlr9qNoV37WQJwQ826POg,3
SPI7O1GKZTvJhiXNFj81Eg,Q-fXNh68OldNdotEVEJuhQ,3
j-1qkha4h87wMfNfwPvfqQ,zU9w_xRlQSRIYXxGo-HSOA,2
wdeWt5VqTW26PAeQsVg73g,5XVabANkehj7oH-Z7YZkwg,3
fxrQSMhHlBv6eJVRdchG9Q,3xmfT7l3xNH5LK1dLzfvGw,2
xPSXDnjJ_oXoVSlkvmDItA,rZDi46tdwQoSAmxU50xiQQ,2
UmXzwFM2OkZHWJ5cJZlqkg,rW5N-fiNhqb-fR3bGqyPdg,2
PFENoZUD77aioJGrnllIKA,3GEEy7RP6e4bT4LAiWFMFQ,2
D43OWyfzIQjL8feJpYh2SQ,4JNXUYY8wbaaDmk3BPzlWw,2
XrYTMhY9YJvzX2pMepIz7A,G4pt2q9Tr5SkwCw3Wb43VA,4
fj-cFMD2qheCcv3FNvMcEg,9km51KaQujxsSgdaG9gYSw,3
JqjAthJThuVYgTh4iWDZ2A,IhNASEZ3XnBHmuuVnWdIwA,2
d_TBs6J3twMy9GChqUEXkg,FI-8LPGkc8D_hwx0l0zyyg,2
Rdt-JiAN7Qlw3dJ7UVdNtw,XXW_OFaYQkkGOGniujZFHg,2
VtLHfXQe_VUSP8_DJHpueg,rNqSjfRM09T-VOjRTAF66g,3
a3yOeL5b0lzbo1ORHF2yHg,6T39H2dGUnrM91WqvR0VcQ,3
CQZpblGIHeMlD7KqNP7J7Q,awI4hHMfa7H0Xf0-ChU5hg,3
3xBFFH866WoySDG7uuwBSQ,ajoqEHnCZTD8-8GqGLq9-Q,2
c2MQ_LPuvtiiKFR_-OY9pg,7sb2FYLS2sejZKxRYF9mtg,2
eM8loR2QzGuFlwE2bXJb2A,XkvvUNCmLIvOts0OftXegw,2
Ryxj0u0AW3mRsRypdYli2A,rZDi46tdwQoSAmxU50xiQQ,2
Lyj3OLJOGkqnjq2ZApa1lg,PEnlf5CJ8JJonph2jIljCg,2
Rdt-JiAN7Qlw3dJ7UVdNtw,j5nPiTwWEFr-VsePew7Sjg,2
bLbSNkLggFnqwNNzzq-Ijw,duw-3Aj7gAKbQG-isS5UtQ,2
oaaEXgQ3x51cXE3GTXrT1Q,u-SJ5QUwrNquL9VnXwl8cg,2
BQkC6RneYfvfG6wRe0hsvQ,koSc5fxyvEvUpUYu7FM9hg,3
cm3_8c_NDhPcpwJQ96Aixw,IRd0jvnfJ3tV6AMlYMajzw,3
74sdrfg2SFhH3kAslZjjrg,Z2iYtj0ybh_ovOyRD8bjMg,2
DPitNu466172os6m0Yri1Q,JfHXzulF6yIKgA22YYPedw,3
ssY5madTrd_ZAiV8av9kug,YSYDJTCt5kzY2kKnLNGRiA,3
BqbmLC9CgThBKGc-aNaeqA,r8Jr-7YfkhJL2nxk9lxUNg,3
TdYKJgSgY2GF_YJnwsi5yQ,HoKXKkW8oC9q8XnjKLulRw,2
C2C0GPKvzWWnP57Os9eQ0w,7nRlDLrob6oK5zmGo4Vpbg,3
N5URmpyygDBSC_8UShI_6Q,wX1ORSDKPkA5ftE7F6UONw,2
bdRS6ZRxf6CNrnULnMI1cg,SR0Q2hAEMJ_m23O_x-khSQ,3
pwQ8E-hbDUJe3qtKt_IBBg,mUVAMNN7BCQ9HGA9w_7C1g,2
fCWEsW3lhZk2RQ0zPrqvsw,Jj8ubiwwuCR-rrhrrjcryw,3
Ksp1e9Dw0Jcog_ZBD3-45g,MQI1rSTE2LGrrsPPgenCrA,3
yi_4YTVS6XL7s5atKPbmpA,SAIrNOB4PtDA4gziNCucwg,2
vepRbwKOq3KuN7VSB3PEcA,kICgNgVRkIh4doz0atyMMA,4
wcDhhBk1d0_lCdvB8sds1g,ArmAaGCdCVAlkhdtaT6RzQ,2
VeYSD3Xgxd-R4yowet51tA,4GXII-GU7S0ZyU6ElkhscQ,2
FTPe7VVwGDM8j9csFhShWA,z0rSmZQz9eEXjg_C3_E5-g,3
PcvbBOCOcs6_suRDH7TSTg,2lF1UsGcDpDpaI1lXgRX_g,3
JB4_tH5U_oN7Xl3MA4aeHw,ZOmf-3NN4Z59b2Fw6VAM7g,4
eytpwJXgg5nWU6jrlQ6qAA,4JNXUYY8wbaaDmk3BPzlWw,2
pwQ8E-hbDUJe3qtKt_IBBg,qS8RTVYBHECxDtOVSyZJkw,3
hM3oEy9HoC_uQExSdwUysg,VaKXUpmWTTWDKbpJ3aQdMw,3
o1hdVCYTWCTHEQZbmVT8Jw,lwC0U4xU7T2qyCBRmrWFXQ,3
qPVtjjp8sNQ32p9860SR9Q,RwMLuOkImBIqqYj4SSKSPg,2
veqfgg2AkKs_L70fx1Quag,ID7WUBLnhkdxp8QrjsssZg,4
8959F5stCzJWI_I7dgxurg,SkO0Kd4_bO4VWTzCa_k8_g,3
at41ymjb1OVu34ii08bCEw,RhEvP5flF6KoPriMHmVYGg,2
HRyFtrmf19GTKEM_kOa2pg,7yYexN1Q5ShE_z1MH2TDTw,2
tQVTyovdm4doXxDSkfYUUw,pHJu8tj3sI8eC5aIHLFEfQ,2
e1z9K45idYRUBn7Sps6T1w,axnI-1l2a_kydvL12-toIQ,3
7Q6nBHl6NJ9gbJ900FkkAg,JPWg9acsCv_om9UFYGMJbA,2
ELcQDlf69kb-ihJfxZyL0A,_n3w5BK4-k7iXCWifCjUZg,3
6YmRpoIuiq8I19Q8dHKTHw,0EgYXYjt2XJL4hlsKnzrcw,2
P5sIeGBWQNBA2qBBCuQxhg,a11zyJN_ue0CQ_bjoeke-w,3
eZZyuJDouIg4p-GYB3PV_A,u-67zd1ImTv3EEr5kIdWrA,2
Gl9XFtwFgIifENxZKqRSfA,kj1p6NwUGROOoqNySf0I1Q,2
7tpZVkiYuMbDP4-NufK2Iw,SEjyjYlMfFFzkHaru6JadA,3
LBnjYRrpTKgtGkW0ea7Ecg,MNaPOkqm2vKeNG8EqkZWCg,3
6HM3Hm3gP0MJ8XN7IkRcRg,GdgGAINCqMXqcuKd2nKEBg,3
Gab1_sLsjJLAJojoFd-d-g,Hqs4YNST_ZHbshwyi4bnsQ,3
nTqTtm-aAJrT2lV6D4wigg,rdE9gg0WB7Z8kRytIMSapg,3
QGX5wOzqUxnfd8sePiNQWA,62HlThvB9Rm2QFu_OdXe7w,3
1JEXL5K6VTx01tAs6Jskkg,ubt9YKL8nT-1WMu2QLxuNg,3
S9Jw00eZHVj5_0sOM_C5Rg,3p4M5be6uc1S78TO62gmOg,4
ehAvwDt4Fpsz9KPordu5lA,3vxIqhm2jCVjkUWtmDvTsw,1
YQPDBJKKFFseQybsvo2rog,EV1jAj7NFNmNIqOnwZ4Acw,2
OXSJCjKtvZPf-YPDCXcWZg,jxbEwtV8Et1lm8ubk4AGuw,2
sjWvk3DZapZ-9ULAFtDmYw,yZAGhlsrmupLbrgdKm6reg,3
C2C0GPKvzWWnP57Os9eQ0w,Kbbm6Vd5UdbP10dwjBghRw,2
Zb2T6JhcBGzgc6RWmldbDg,7j5yndEexyQn9cpVXLIIpw,2
v3YOx9T4jRSw8XP9Rd9H4g,lKOvx_aAXiXQGooZ-4bq9Q,2
HEvyblFw4I-UsMqgPGYY_Q,Hqs4YNST_ZHbshwyi4bnsQ,3
qQecSd0lynfB4g-LPa9JCw,7fxebHYUwIF6CakxSr70iQ,3
TOrRfYRFuxx0k9HH7OC6pQ,3kdSl5mo9dWC4clrQjEDGg,2
9hMqNBBpTl3lBy6qCAyu-A,kPorLswaS8h4xy-notLk9Q,2
EYwvNonD5kUGGNRTGjAAHA,IhNASEZ3XnBHmuuVnWdIwA,2
dLoUSe9E25agXphQjx8Svg,wkKlpSx3OcoGJiv7p8VZzw,2
L8P5OWO1Jh4B2HLa1Fnbng,tEaW0zgsYihSTjysrpXaWg,3
Dgk0Wdoh7HPjhKQEPBU_jQ,0NT3Hhu2RcAmFKBy2BiRmQ,3
WXlxViTwXHPBvhioljN9PQ,nqTvE7ivdU23oUWdI01tOA,4
zFYs8gSUYDvXkb6O7YkRkw,DXlDzOcpdUE_F21tok0fgw,2
bpgbVPJcG-wQ4cNBcPPIxw,utoTa3Ngv_oSfB5TIMgN_Q,3
PKEzKWv_FktMm2mGPjwd0Q,OETh78qcgDltvHULowwhJg,2
92e_B3VDY5TqxVYsKuNzKg,utoTa3Ngv_oSfB5TIMgN_Q,3
HhVNG_1NOEyxfxudd6TSCg,oD-C0IhodDOtWWOiNm2txA,2
Xb4aKpOlHkp9dmgTa__Q4g,L1-1P3acJc4gEFvWwjXcNQ,3
61AymMi8D4RTQ2aa1w41ew,Xg5qEQiB-7L6kGJ5F4K3bQ,3
WwW0bh9cXtyl4ruIKjlAqg,nsNONDHbV7Vudqh21uicqw,2
Jk7sjPeIFcaGO3IJOOQ1Pg,DxgSVufr_6y_Rc63CC17Zg,2
-Ox7QPz0G56GOzT0ex-f5Q,JyxHvtj-syke7m9rbza7mA,2
bHufZ2OTlC-OUxBDRXxViw,6nbPXEjmBnDtsgM_YNwGjw,3
5jz-BicrPZGCp-Mi-oBRUw,JIETwXSEGIHMNyxZVEnNKQ,3
epkRB3J_oBEiyiwahvdmGg,8olG8J91NG_QU92WHG5QfA,3
CDvhiRiczAq0M5pktyiyog,ty5KQYqYRxwXDG_e4pz-4w,3
W1AFbtC37Q1RzdrKS51NmQ,W7DwXa_7LNmETFHSQJZ2Lg,3
dIIKEfOgo0KqUfGQvGikPg,wUKzaS1MHg94RGM6z8u9mw,2
-50XWnmQGqBgEI-9ANvLlg,FNe5PPA9pyj8FjcDefCBpg,2
Vqp0dpug9Db-kFHO3PkAaQ,q9_gLvTNf11etVxbH7JY0Q,5
1ghFOCMBpo2bGaWu_c1tcg,gQMAcDm8kv8ev7x2BshMwg,2
L8cvMZLWmM4qWTl9SkxJ8g,aqwn3jdQLCWnb59gHK4nAw,2
2nE0zU6y_F7gkwHi3yL6cQ,wghDrzcZ0VloAtaIZ7GEBg,3
5aPp3PnDs50CfWMapd7yEg,YauBkH-HEx148jC0pv4Hcg,2
sHY6JcgWOHLP4vR836Esmw,OQggqcQglU-lHY3rY-8Lhw,2
mvq6mTZBd3mdDg_bZRWiuQ,UT6L3b7Zll_nvRidijiDSA,2
uYlzvshOSWCTwNLFBELTug,ajoqEHnCZTD8-8GqGLq9-Q,2
qWMUWDjI1wXWnmzlQc2BuA,ebEP_MZngIWKH0Ixobcqhg,3
KxGeqg5ccByhaZfQRI4Nnw,nFVqjh-JCOuV2Uci1ZfJ_Q,4
hZfzVrhsCQ9JDAb2jYoJNQ,LFs5jyYdXlzi0SpAYi1eSA,2
sYQyXDjGaJj7wfaqz5u8KQ,eS29S_06lvsDW04wVrIVxg,2
SoiacX2r2mvHqIh3GgRMUw,awI4hHMfa7H0Xf0-ChU5hg,3
wOGfOjBaP-lCS1NW_En2LQ,dn_ipqbm7_jUz5X3rDez_A,2
k6vOe0_qglL2PZlBldoKeQ,7cK9uEV09iPmsTqOqmY3kQ,2
bLExVDNKxXMjjZcx3YG36Q,UMqfeCItzQ2glr4d9apGlA,2
QH9i-p3cvlI8G18PE4aVkA,bSY97kgQpJ5BrpgW40V1qg,3
HVa84WqQT5Klz4knWtGBqw,j5nPiTwWEFr-VsePew7Sjg,2
rA97zeqOrUYuEM69n0Xn4w,8Zqh2jwtncA3N4fWEMTvZQ,3
FEwPxhjdVKxSPVQQAHX2gg,-_TSaVr53qiEGqMkwyEMaQ,3
sFRnh5U0bfTe8Ox8PygjHg,iB9By3dVS6BydSUiDHxLyw,3
4vj_0BQeXjCyNB7ESS5mGg,7j5yndEexyQn9cpVXLIIpw,2
PAzgMhSXGokkOw2CMZUI1w,Ec9CBmL3285XkeHaNp-bSQ,2
OW0PZxoGFGSOthAmN_cSUg,EV1jAj7NFNmNIqOnwZ4Acw,2
oqTZC9WriodTCby6jl0LfQ,0_aeYE2-VbsZts_UpILgDw,2
OIgSMLPKe1PDtP5I-1FrWA,a3mJdNVP-ve3l3z9LRJXQQ,3
rKkpHJkJ27xOwnhy_bMkvA,zvQIEpJUmLLmMMffNntHXQ,2
sqJZt_Z144RWGk4bdKTpSw,jobP3ywRd3QNZ_GCoPG2DQ,2
m-BZLIIh5PCAKnzH0qj_0Q,vOfz55MmWgjNQ3BA2PnhgQ,3
1kNsEAhGU8d8xugMuXJGFA,hPTx2Y5e4Czbr21XcbDN8g,3
bWJWcQyDKtFSvsTW2tR3hw,vjhB95c5nOXflNoyq_jKzw,1
D43OWyfzIQjL8feJpYh2SQ,YILyHegzhy1vlc_LNVfObw,2
CZnuW6YeZg7ZIiTbmI58BQ,pH0BLkL4cbxKzu471VZnuA,3
8UPTxp6SXvQe6JoEbEGcyA,Blfn30Y8tvYq903oLiIf3g,1
5NDk-q5mv8PIDvz83HwMVg,jq9gzjKbVWgeMYzA0aFzxw,3
3MO--ENqKScLFQFuW1751g,XnJeadLrlj9AZB8qSdIR2Q,2
_jYEC7fvqTxu5R2jhk_NDQ,ZCzey5aPhd7jYIoHsUfjmQ,3
wtNopFY2ybprzk4FuEbWJQ,XnJeadLrlj9AZB8qSdIR2Q,2
YE54kKTuqJJPNYWIKIpOEQ,UidEFF1WpnU4duev4fjPlQ,2
rPRy7N3WCD3sVCrF60OOnA,RQu_Bv7EFf5NKMnh_3E7Ag,2
_jjbwHWLFA5GjWFWGLj4ZQ,VMr8sgoQOW0fo0qVJENajA,2
3AV5ONopdwL5qKYW20SRdg,6ZIHxvFTHC1pvAzAS0uLDA,3
UXpTrzITc0yg08sXftsa-w,hPXR-Bi8U-uz6TUViqmGpg,4
v6SrDjzqb3oS6CbHB0xjPw,6nKR80xEGHYf2UxAe_Cu_g,3
Q7IoE5m2heQKThuVq3SYFA,tMYYSWyTppDcF070Hmy-kQ,2
PcPminF0bIUsKjUh9e4DMQ,GdgGAINCqMXqcuKd2nKEBg,3
5wT0vDycEzgq95yVCZ60Aw,dGKJSlgxNGECPIlwcf-sCg,3
WgbocVhRcRXHwVyi9kfI4w,BhueLLvA0k9G1Lr0WeZX9w,3
gqL5KBs2oS7qobnyd99iKg,SMPbvZLSMMb7KU76YNYMGg,2
_VMGbmIeK71rQGwOBWt_Kg,CQk3WJtULz_xOkUM6o7wpQ,3
Ryxj0u0AW3mRsRypdYli2A,7sPNbCx7vGAaH7SbNPZ6oA,2
zEBjQm_S26TI1Etpvie9sw,JIETwXSEGIHMNyxZVEnNKQ,3
55bAo20xQNIA2CfMKIDtPA,fQt9QVAZM9PM0wFDdROvWw,3
0guV-tXB82pi2stV7a5g5Q,DXlDzOcpdUE_F21tok0fgw,2
hkSiQAfl6w3882JJQzRTlQ,GHS1rVjO-RMcRB6WJLpCDQ,2
pDvDLpD7CiMlIebsDPCRSQ,QdXg79fKbFLEPePPnL02Fw,2
s2o_JsABvrZVm_T03qrBUw,z45xS0Kc6GpiITwrpkRVdQ,2
vLixm38Zd-xgAvN1LQJfKQ,eDlgbI0Qg_mmI-Osvci0gw,3
4ECIXWllFTxtJaj1cKOZWw,HGvNE87fvK5PwKMZBDkTbA,2
nixQjPlfVhMEhrNkmp5FDw,duw-3Aj7gAKbQG-isS5UtQ,2
uByIGcI5EJeKNGyBtCkWBw,At2bqa8emnEr5WNIosi0ow,2
1sGYXSkJHPhJ6wQtc-RbZw,70WDApYtMcLlrnb1EUW6fg,4
tFSnxUGaNa2pwb4zClBu_Q,SRYM6FaIF6LuXldcC1PY8w,4
P2ZK_uDduvKbKgmNuyZQ4w,5U2tTspAnSBBtaO-UDWcKg,4
_7PfR6Tvh2xTbiVi1GELoQ,OETh78qcgDltvHULowwhJg,2
L8P5OWO1Jh4B2HLa1Fnbng,hIUKufhwR6Ifn7bi0-phLA,3
DPtOaWemjBPvFiZJBi0m8A,r8Jr-7YfkhJL2nxk9lxUNg,3
hUTnmW9QkmnjzQlpcV-4Ew,trKyIRyjKqVSZmcU0AnICQ,3
1iQGOcmSxO2pX5gW9uJevw,caUPXiOxvLGMsorJBtNlhg,2
p9c15C0TiryLJKobzwPt1A,S-egzF2c7bRpCUNbZqV8dg,3
s2o_JsABvrZVm_T03qrBUw,VsewHMsfj1Mgsl2i_hio7w,2
G5vpnTThIa7Vbjbu7zWQZA,qnn9E-e9orYf_wK37yLTYw,1
0ygWZ_gXF8qTm0bY95JJqA,_ZwDLtBopUHb6F2mIPFUJg,3
mIysRk_cJ5K_BMZ-r06TFw,jsuUmIEefPjV__ads62Z5w,2
ywEB0MB_2U11NIGPs35pew,7SJoMX5ti-VoEsEW6mJLRA,3
3lVLT3IbXB8s1KAgR9NpDg,_PVqHUwjev4oOXomC7pk3w,2
wXZS42D0L8hoCiSh2Krc_A,Ec9CBmL3285XkeHaNp-bSQ,2
8fsZcLADFrPTbGrFqMACpg,yhgUyctWczUN13MinNgZ3w,2
YpGt3hdq5adPlEFn9fQ2Zw,SkO0Kd4_bO4VWTzCa_k8_g,3
PRJMe-RgFnCEhyy7tf3DmQ,HkHTdTvzbn-bmeQv_-2u0Q,3
sTcYq6goD1Fa2WS9MSkSvQ,nsNONDHbV7Vudqh21uicqw,2
8NPnK5h5Te91Ot6nbX9a5g,S1N5-ZXwR4fUIPs6dLnBYQ,2
sjWvk3DZapZ-9ULAFtDmYw,9a3DrZvpYxVs3k_qwlCNSw,2
_fGju43E8HBbNbvRwT0JfQ,U1g7IHZcnRmOc2m3mvWNig,2
cggzCuDDtfvtKFp2fnLzRQ,dEh3Su-0GWDSQZYRltA6mQ,1
AKXqbuifvfvNEpr3Qs51hQ,wghDrzcZ0VloAtaIZ7GEBg,3
eAJ3Ip0vh-zuk_BmcmchYA,f30-DOoIxvoV9btiDvKMTw,3
FWYjGKHmbjxrkXROctTGYA,jBs2HmEOkqCvdHNnw3N-og,2
wc4XAA5pC3b1UgooSypHwA,0pIhgokp0NeM9h8oQQULOg,3
JqP9_2Ky-X1MRro0pBPPNQ,XPIUUhZyClvXW4-rT3tRMQ,3
3hWJxx8-gMutgaKY2T7IKQ,fQt9QVAZM9PM0wFDdROvWw,3
P5sIeGBWQNBA2qBBCuQxhg,KQfNXddjM-sinrmWrFiSyQ,2
loOoIBFpGbkx8WaIpQndiA,Wc9UpJhOcdSj7olZkz7SJA,2
AmMd7xpnaf8axS_roCBFRw,AfEOC5LlBeMt708QEQUihw,2
8XKSiMpMxgdwI3qjuqmXFg,GmdujALb1Nq2RHGr7jhCaA,3
uNuPyXHbbtHnhWhPLamESQ,Xj7DIGRHEchJ-VVdISazQQ,4
LwVUO_5jjHuJRhvl6hlHVg,YJ8ljUhLsz6CtT_2ORNFmg,2
zwhty_ZmxbHAHoDfMjNbag,dciKn2Otp8nAMi4AurPjsg,3
u_wqt9RshdZsoj8ikLqoEQ,RNi6tW22UMgHwWLAb0mYdA,2
80qYPp6Fk_jmO3334DKGGg,GmdujALb1Nq2RHGr7jhCaA,3
XLNaiWF21OsAf0fMV6kuSg,fQt9QVAZM9PM0wFDdROvWw,3
hYjzYrSRNwHif4v2RTvAlg,hihud--QRriCYZw1zZvW4g,2
Ae4uXwFHp-5fGrt6OONaXw,2iTsRqUsPGRH1li1WVRvKQ,2
OLn8EvPsu4hNug8V5PF2jA,wuQDMDlqM17jQNo0lYQZ7g,2
PGeiszoVusiv0wTHVdWklA,QNfh79NwsNnl-AngRhg2ww,3
c8kNzhsoB2_YEn4gMWNyFw,OUP9dy2eu_-2Mga3DpSFfQ,5
Ksp1e9Dw0Jcog_ZBD3-45g,sNVGdeOPeitJ3OWUQBINzQ,2
MMxRLgkd-MgwowmggmR2Dg,fL-b760btOaGa85OJ9ut3w,2
cAY_gYiIq68RkWhLennaKw,8wt-saX_qXaqVCXQHc5qXw,2
_jYEC7fvqTxu5R2jhk_NDQ,vz8HFGsITt6aj-nyXkAEFg,4
RSLTG7N0wYJhRTW5CGEm5Q,5shgJB7a-2_gdnzc0gsOtg,2
pngNlr9t4HObDgecGH_jaw,fQt4D34vcJNtEf8Q4zte3w,4
F0Oco8PiWbkM3INpbIh1Pw,GIhzzb9tjqLCYdNP_k3-dQ,2
7tpZVkiYuMbDP4-NufK2Iw,WpI5MZC3XzlTpcUOKXzCbA,3
04J_q_VhSBItxNiEAN-gkA,sJNcipFYElitBrtiJx0ezQ,3
OvYN86BmZyP87SaTO7mHkQ,iJi7yebXoPVXRyGqqL-v8g,2
Et79VAN692zD2j32PM1E8w,EV1jAj7NFNmNIqOnwZ4Acw,2
De-dImXf-TOFWWPTUWwIvw,966W5oXOBW0ZWhNYy0yjcA,2
A5A34ixb-yy6nwL42iZsnw,j5nPiTwWEFr-VsePew7Sjg,2
xPSXDnjJ_oXoVSlkvmDItA,F0lI9okn4pzmN_iq5UqF7w,3
veeaBpjDwo-xfHSz3z3PWg,AMN3Sgns9tB2x-b3eWk0qQ,3
vPOkQJKahhR13LQ2ElSFGg,d10IxZPirVJlOSpdRZJczA,2
hMnVzdUPwloQ2OomQbrY_Q,6nKR80xEGHYf2UxAe_Cu_g,3
Fv0e9RIV9jw5TX3ctA1WbA,FaHADZARwnY4yvlvpnsfGA,2
Cfwvos6oFlDquGiI2Qy1gQ,SycXTaA4MeJZuDK4Y1owDQ,2
l1VoG-0-bDF-us7xbWxfeg,wxL9wgxLeuMMfI6SAXIzJw,3
Rzf35jKV8e8EJdssrae_AA,uwDyxK92ae5kNjeZE8uCgA,3
9jA5_7o9V4m6i8ZRb4t6LA,WOz66UuVsfc2K9GxzfDnGg,3
DeVGAiOf2mHVUDfxvuhVlQ,AtD6B83S4Mbmq0t7iDnUVA,2
nBssWrodnyH2iZ6hEI438w,IZivKqtHyz4-ts8KsnvMrA,3
zsJLk34mTDMyuVS_EaBLxw,5shgJB7a-2_gdnzc0gsOtg,2
I-4KVZ9lqHhk8469X9FvhA,PgQZfKQwW6Q9fIvViD7Xrg,2
yH3Jyu5vRTAJ8uMAD2bLGQ,hrhtWc8UcoZqYr2d7YPgEA,2
7Oe6ikklTjVBbEFw9emLcA,0CB7YB1qRSWLQvMbHw3Fmw,3
n0r_0HkCFaC175vXtIVcaQ,xlXwxfiUD4bgJFKUYwkzOg,2
u90s9wJ9pMK2FMpy5F8Wpg,1DP5vHxJzCDbgawv0WC3yA,3
o7sVRYWSskPEv9veCYes-g,QMKgn9p_hRUlumBDAAfWlA,3
CZs1Eq7t1fqpXV1yox-CVg,aYTiyhUbc6uL7jSAXGKhrA,3
5XAXkk6WENi0OW_HSSXRWA,UT6L3b7Zll_nvRidijiDSA,2
eZfHm0qI8A_HfvXScwIYsg,vUnmi0uI8p35RxYAEH4Nlw,3
HhVNG_1NOEyxfxudd6TSCg,SOwXfqwUr6NWmbBS0tx_GA,4
wmyoMUiW6YU9Audm0lACDg,D8a2usm9b-j89W9IrJ_Evw,2
TOrRfYRFuxx0k9HH7OC6pQ,_ZfjpSEO5ntk-1hbnwCR4g,3
T5KBc5QbwZ-Oj9ApE4vZJA,ifHBH2gZS_feI6JlFbGFfQ,3
w-w-k-QXosIKQ8HQVwU6IQ,7fxebHYUwIF6CakxSr70iQ,3
OPJ0TW8tt5UanY2_YpCgIQ,D_24gRsnae7guxJE8gLgtw,2
-k5yFUChotBMGQgHdFZvLQ,WrHu03srbhJAw6bnTIixdw,3
dEk7mXM4npuDPmxrwPcEgQ,GNi0IjmB5RYOFHxcb_f2qw,2
FTZyZbr1eF7s3Ss7uSLcXQ,qNYLt8zizn--wEpT1KILfw,5
ZsUSGU1-L1ImomLZjXxxTg,qkyCuFJF2Uboh6n2Lmuwlg,2
Kp5KHBSmV-Htc9NeSjJfPA,WpI5MZC3XzlTpcUOKXzCbA,3
0KeT9NKimYkHN0wlrij-dg,8olG8J91NG_QU92WHG5QfA,3
M9rRM6Eo5YbKLKMG5QiIPA,lpYFsXFrojiBZ1kbWR2lZw,2
wqcO86hX2t2X9MsDIsIwnQ,7sb2FYLS2sejZKxRYF9mtg,2
lKPUyA6DveoWk-3zFrHA9w,eS29S_06lvsDW04wVrIVxg,2
LQG9wFTmscbAATp8QWj1hg,JmZj7wzAJ7_4ksjG9WXdqw,3
_txhy3UvyGffFh8FLO2_qw,8ciT6qjI18x9EPtOb-gqYQ,3
3tCzdXFXke958utEjcSdmg,q-zZgXKAQFLEgMp9ZNllgQ,2
VigsAph76fP7pechJ743EA,j8pUAS0qdEcPsjkqEDNbhw,3
PomQayG1WhMxeSl1zohAUA,DkYS3arLOhA8si5uUEmHOw,2
cKJ0r01eF7E-tYp2FQOyRA,RhEvP5flF6KoPriMHmVYGg,2
0KueQxXgax9GlbZ0UNaGlg,3kdSl5mo9dWC4clrQjEDGg,2
leY7FqJ3NKPzpM5awAQ2-Q,bLCdohUvOM7l1OcXifmblw,3
WaAOt_eG0_-yLpG3fI--3g,AJq3UhhYk3yFv57c-1ML5A,3
ibvH1Y7Rh_tstiWgH0OFTA,WYw3Uf56DT5IwpaLNnCH5Q,2
91OffSkHKrOu9x76iD7Teg,zRqi6L1u-YmmVAHjeUbGMQ,3
9ks-80ZxeCZWNObzEbW4-Q,SycXTaA4MeJZuDK4Y1owDQ,2
xVfK4hxPqr57SRleHT1U5w,ty5KQYqYRxwXDG_e4pz-4w,3
PcvbBOCOcs6_suRDH7TSTg,f4x1YBxkLrZg652xt2KR5g,2
JXHrhT72U6sZJQSkFfNzjw,O_C-2kZMHGnq3ZDL_OaG6Q,4
8SgjU2fID9VqKQooFt1DIQ,ePt0qmZgU-fjqMoM1M2U3Q,2
hZfzVrhsCQ9JDAb2jYoJNQ,1ZJz840L496LAmQdeDv0WA,2
kl_yCsj4ESbUphmpCfVvRA,6i85_hLuAdymNIy01LLl0g,5
YfYas8wdkrrvbqXcBH9x9w,t6WY1IrohUecqNjd9bG42Q,2
hMwPqwbNQV94fWSBhM4QaQ,e3PBfbtXUjMziX6XGsOMoA,3
l5Y0xliDOiP1ZAV2dLj9sg,cOJ1uIVIHCiefUyWG2wDfw,3
dSTRQSeCqMTbs7l8KF_xJg,Ycp3Agr7dt71TZkeKV7jng,4
EpOp-olt_rjZRaVuPUKG-A,XZbuPXdyA0ZtTu3AzqtQhg,2
aQJtyvmZg3kCd-tfZ6PLeg,iCQpiavjjPzJ5_3gPD5Ebg,3
8DEyKVyplnOcSKx39vatbg,364hhL5st0LV16UcBHRJ3A,3
JA1iXUGIBKeCLE2Vvjis1w,N0CoaG3cBrTGm2ecLYSzqA,2
Ggx8iUdJ7lsQSqXRuclXtg,JAmQCmczUclNUfZjkNdjQA,3
tU94-C1zpBsfGFvpsJJr2w,-Lgj3gdQZiVngAEc1yALzw,3
YfYas8wdkrrvbqXcBH9x9w,iw9p7E4bMe1YW-APcFGjgQ,3
SCPgLdL2hoeP3Plnc0dkzg,u6xb2aUAvX6i1WhsQWqgWg,2
zOxFYwqq8Iwhsqm_jm016A,wghDrzcZ0VloAtaIZ7GEBg,3
bLbSNkLggFnqwNNzzq-Ijw,TCoBE_BkDRrK0bWrh5VueQ,2
xNKjIktegMyHVSXFznJTRg,JDZ6_yycNQFTpUZzLIKHUg,2
CxDOIDnH8gp9KXzpBHJYXw,Mkpg9S2j0ZrZc3q-VjfLsA,4
ZsjuEgOdvx9l5GKZdtwYIw,cNx3qzQ55JXpjZEt4lc7Tg,3
fiA6ztHPONUkmX6yKIXyHg,3fPIRTnBhd81MixgS9YoMQ,2
bxBR0vakC_OAU-5rCYCDsw,CX86HjLm-fK8ix0xe5LwiA,4
qlC607Cyp0Mj91vDFvkp3Q,dn_ipqbm7_jUz5X3rDez_A,2
S9Jw00eZHVj5_0sOM_C5Rg,3l54GTr8-E3XPbIxnF_sAA,2
SIGQgzGkVb_EHsRIvskmmA,vyQD-pu9jFKRXWI9tt16_Q,2
l5Y0xliDOiP1ZAV2dLj9sg,MQD3EvzB7C8zol6kBxBrSg,3
Dl05etq6qzMf5NOskjb7Ag,3xmfT7l3xNH5LK1dLzfvGw,2
5Bs1BZcD6_wo_sUiAGe7FA,K5XjxDyq3ZIjUhbtLaW4ZQ,2
DoRCeCcJbrsM2BiAKj3trA,J3FUxMAHfCl-WFo86u5DqA,2
oEvsA_IvL0yRyI7d4lT-IA,X8c23dur0ll2D9XTu-I8Qg,2
PKEzKWv_FktMm2mGPjwd0Q,qVO3l9Q0-KVQE7W9JL9ePw,2
-zrXNYGN93L3DiujE7zABw,-BxWyEIQ6wypT-37MzZizQ,3
QTZvgss0rIfPmauPaSj2nw,k1c_bC3DK6mKg797vH1T8w,2
1_oU3pAMIRhMlLO8X36x8w,XXW_OFaYQkkGOGniujZFHg,2
SVcQ8yqaLDmjMwPRDwQPaA,uuGL8diLlHfeUeFuod3F-w,2
gtwM4ijo65AN4DvXdgCu_w,XkvvUNCmLIvOts0OftXegw,2
RBZ_kMjowV0t6_nv2UKaDQ,kHpXJ2vciumu2KhNHg0hYA,3
PtEQ6LrPT4qO5L7sno95Hw,sZsJooAzpKqOvDysphkqpQ,2
tFTU5yWOCQLqJMs2YhAaFQ,xR1gLCH5resvtq1eV1nebg,3
LNPyE5X1K5B_flcTCH9StQ,faPVqws-x-5k2CQKDNtHxw,2
yis0tDX83YnFLzUbKZ_KFg,AfN3Z1U6QPEgAb5F2CQm8w,3
EsOu51dW3UTDJTApBxwz2g,X5uxdU9GHoUAqo2wmbg3OQ,4
IZKX8BHHjS8YwHIVi9KJ2g,cclDCELdBQmJMWUyVWo5fw,3
l-r9iHW6XGtCraTmOSCH-A,9PIC380tmNYpIC3z5cvcNA,2
Tdv7HZa4Hyjm-X0MtNmeag,1yWINuTOUBQj8ELqRNDOWA,2
Lyj3OLJOGkqnjq2ZApa1lg,6Iu4YDjAPrDRRrPCt_E2zA,2
82GOQIPlSzLvRphl9MzRhw,e3PBfbtXUjMziX6XGsOMoA,3
Qjrn5UsK2HBZxx40HYA1iQ,U6P56MjLrraN0JBNvOjxaA,3
cQrnxjgVBhjAcOJttw48aw,tMYYSWyTppDcF070Hmy-kQ,2
8fsZcLADFrPTbGrFqMACpg,3kdSl5mo9dWC4clrQjEDGg,2
0hZfE2He1YssM_wEvKhfcA,f1ZKauu7dCB6iplmKqplAQ,3
gn9jmujma9SyDirweX1c6g,1yWINuTOUBQj8ELqRNDOWA,2
Yj8RWbYG3b7VGHlRvkomkA,YBLVD61RFdP5H-RGLSIPUw,3
hilL60vuuh06sMxs6Ckkog,jozzH4XCEM9yQFjLAc3_zA,3
sjZ3ScfAJ2bjDVI6MmSNGA,OVTY-NpcTA7iXbMQmusv3A,2
XuuUQeBcibvbFvWyFhFz5Q,XMMLRvV4IMxIGyc4H37LxA,2
cImvLb3Wvd5EZ8SRjKAPsw,L6qd3x0bHymyxub9dF7lIA,2
XPNiTbrKL7f0_6L0lrbZlg,pHA8wyVcrkhI4wQ3mt6NHw,3
rqb5abV146wcU-Z7JxfEIQ,5LNZ67Yw9RD6nf4_UhXOjw,2
2VRkBZBS5FO_N7yBRWfaLA,QsMR_Fp9YRtDegThsOgFLA,2
rNjgVKaBh1PlUA6dYB6EUw,lKq4Qsz13FDcAVgp49uukQ,2
wJgtf18VKKZq9A6ZQUybQw,YgVC9NdMji-VV05w7-E1DQ,2
ZsUSGU1-L1ImomLZjXxxTg,TCoBE_BkDRrK0bWrh5VueQ,2
mrpDR4jeLYun7bLMbw5a4w,fL-b760btOaGa85OJ9ut3w,2
ZyGrNTbnab8N3kmesYaQBQ,Ec9CBmL3285XkeHaNp-bSQ,2
M9rRM6Eo5YbKLKMG5QiIPA,A00Istiu21ObC07-NPstNA,3
XJYFjbH-oTmu2dATTqyauQ,6pQ1DpZo6zygNc3qTch-iA,3
DK57YibC5ShBmqQl97CKog,HwEDsb1xtRBTuFwATTRjpA,3
CbHXrH-CHM8egdKYAxqaPQ,zrTGcb83AsfyVTMrsCa65A,3
owlUazXSDLaxlOV7z8181g,DVJkxZkLKS76Khb2y6XA6A,2
L8cvMZLWmM4qWTl9SkxJ8g,FaHADZARwnY4yvlvpnsfGA,2
bDF4XoMF-bApT_YQD_duTg,9F3N2jWo_kqK9A9pC3z74Q,3
LTCxnnAQGaGZPHZx4KbvGA,S-egzF2c7bRpCUNbZqV8dg,3
LwVUO_5jjHuJRhvl6hlHVg,_3FxLxdg1unUQc3QqIgJuA,3
m5b84-nPPVNLlDtZyVGZ3w,iGEvDk6hsizigmXhDKs2Vg,3
0Md3sO3sRR3GE4eQLtqZbw,pQL52VHs4i3-y7zq81kFng,3
V-BbqKqO8anwplGRx9Q5aQ,fOnpoMXToa5Qiyg95E6ENg,2
0rOldmzos1vjkd0SmHbKZQ,042IHd5KjHiMuBtGtugO_g,3
kzRq4H_nSf4b3F_sdymWSw,tIX6o1jkLrrmsJIdGUjA5A,4
PemAGpIKTHpBVRaRkDwJKQ,wkKlpSx3OcoGJiv7p8VZzw,2
Wi0VgIrbb8vqU6weyVw6tg,PVTfzxu7of57zo1jZwEzkg,3
o4tYl3Hz0oDfpNn4k02DCw,jgtWfJCJZty_Nctqpdtp3g,3
LaNC8-1OyFAZZH1HU-z9BA,Mh84_j7YmRrAcm0DWV4bUw,2
F3m_Zh406V8GBShYuZtsuA,E62l6LwZJ7lKaExcUbrtYw,2
ACwN3HGetqPVhAgGKzdnsA,2GmGT-7QjowR1ihup3FbVA,3
CwzhFRwIkYFGkaggG0sTlA,4tiFtmGNFcvKRSPXPVT8Hw,2
8DGFWco9VeBAxjqsuh1aSw,iCQpiavjjPzJ5_3gPD5Ebg,3
dIIKEfOgo0KqUfGQvGikPg,7yIHC8KsR5OaE_7MgEBVhw,3
1O638BDK_fWuxgTVJwff-A,fHM09_y3QX3n4a_bIFbk_w,3
ywEB0MB_2U11NIGPs35pew,IMLrj2klosTFvPRLv56cng,2
JqjAthJThuVYgTh4iWDZ2A,SAfuIUZMXrOnb3LWyvYjDA,2
NrpzAH3EoNhWUR8OysUhBQ,kpLt4l5J5kbMD4oxQLC2aA,3
dOfw4EqYemgl21qtJ8D9jQ,2UgRg5a6KmpbD_SZfhNrKg,3
B7AjB8W2BWJtXPjweJs9pw,Ns20WGWn6s6niKAGIQB4UQ,2
7eKtHkxxWvI465WbDJj4dw,wxL9wgxLeuMMfI6SAXIzJw,3
PKEzKWv_FktMm2mGPjwd0Q,3xmfT7l3xNH5LK1dLzfvGw,2
SGobMWMf7xwbOYHL6WMXyw,FirWX-Ep5203TsdiGgShKg,2
eZZyuJDouIg4p-GYB3PV_A,f6CTsNX30XmC8siHWYV2bA,3
p9942XebvxZ9ubHm4SXmMQ,4VkLiFoIEjTTpbCRgxjnCQ,2
nPXVprOV3ioobtAc_s7-CA,7cK9uEV09iPmsTqOqmY3kQ,2
LG-FOXQL0zUcRQuqkhq-Zg,T-KniGykrZ46ZC9plOTspw,2
GSvZ1ZJmVqQA9O2NVfO1TQ,Q4pg6LcRCYMlml-5jg4Z5Q,5
ELcQDlf69kb-ihJfxZyL0A,_9vGmNrEcLWFOnUzeUdfag,3
3R_dB9VQ_D3WPJEw7pmorA,67X6JB3kvZ2B_p8pucgNXA,2
qnoXQsDOTOFwJEYXSCnHEQ,sZsJooAzpKqOvDysphkqpQ,2
xhhE0txKwQtRzgQVVdKkvg,NjDC1Evc2Wa6ykj8xVpoUw,4
zWWcik1fRPZviBCQLC26FQ,Mkpg9S2j0ZrZc3q-VjfLsA,4
60hsRVLj-JTlZETg3JX9Sw,q3YnYPjLuBGRDi_59yTC5g,2
3nDUQBjKyVor5wV0reJChg,95CCHowiE0W_ovv5-9lQAQ,2
Zb2T6JhcBGzgc6RWmldbDg,MNaPOkqm2vKeNG8EqkZWCg,3
D43OWyfzIQjL8feJpYh2SQ,y6QP5IrOJ7_FsB51jN2_Jg,2
G10ZWrbL6xT-2CK1UxczbQ,b_8jCti0vuouJ_fjZpdmZw,3
_ir8NHMtV7KPTwmBmlkmQw,0NmTwqYEQiKErDv4a55obg,3
QCtHk02W_Asu2LFfdmGQDA,G6w_9uzW4o3Oyb3z8oOZyA,3
UINeEDzOcOgagPNvP40Daw,Mul_BVwcnhqmp2h_7QFepQ,3
3Vd_ATdvvuVVgn_YCpz8fw,EUWBT5GDxPC95w9itZ1EHw,2
8DBH3BpLINfTAK_Up5BtUQ,FMOWO7_mj8lSZnV3WqpGiA,3
L8P5OWO1Jh4B2HLa1Fnbng,DY1_vls0_VQnTZ7CJ3AeFQ,2
aKhv49qQ1A1MDvGZ-cVh7Q,cclDCELdBQmJMWUyVWo5fw,3
bdRS6ZRxf6CNrnULnMI1cg,rbcfYmJtqwIkk17IeOI5Kw,4
9uE0smG2bwgkI95RPj0lPQ,aKFZamejw8kpglVk7e4WSA,3
rKkpHJkJ27xOwnhy_bMkvA,SMPbvZLSMMb7KU76YNYMGg,2
KTK_ws8lu_TWfR7DtDWjMA,8-_jXGGDFPFAPB4r1x-81w,2
ahwwAXJ_qwGmuRjTOHHMWg,Jj8ubiwwuCR-rrhrrjcryw,3
DSDL_v5dvLOIJ-o5sRhz4w,xIbtbAJLWLNZcqfqF4f-Nw,3
FIk4lQQu1eTe2EpzQ4xhBA,78XbdLi5e42XDxgnxuYacg,3
YfvMjY-G6y86Ov2tS5Txww,b_8jCti0vuouJ_fjZpdmZw,3
ic-tyi1jElL_umxZVh8KNA,eZaCQPZYmETSNiHRagNu2g,4
wai1J7wtI5Wp0DUwy3QG2w,_ZfjpSEO5ntk-1hbnwCR4g,3
Z0GA65zCMI4ska4iHRr8Bg,GSiAgRigPwSvXeR7emLSiw,3
uAJNBvcJA2kIsGx_sSofEw,5z1WIr7E9P2CSzyN5seeSA,3
TVkU2gHhe05v_lgsE_NccA,5iSmZO0SrKU6EoXK_1M8Kw,2
CEoMgtYwcskmU6VOeDAwVw,GIhzzb9tjqLCYdNP_k3-dQ,2
JADdo9NEeO5Az9aOYbyvZA,iRwT2pBa87Y54q8nqfNAzw,3
bu3qhZXlxkWir0EzC2txBQ,31cOttU_tML5b6eLLXZfsQ,4
3rsZCoTmr8EM7DwtGm_RsQ,ibFdignja_hNpgCjDYP7Ug,3
fwasfCCwbxLjxLNhYLuF3Q,Rj3wnYT1QAxpJlRT5mMc-g,3
dF6j86LQWN3RS0r-Oz5Q2A,Ef5P6C2yHAv08FPif5Rdtg,2
BbwldZQM1i89cAvV7fce3A,3xmfT7l3xNH5LK1dLzfvGw,2
I-4KVZ9lqHhk8469X9FvhA,I6ICIIZfZsp_J9hHmfhWhQ,2
6w6pXL1N1q9RkmG6b4Su6g,ayOJSIl-P16HZAQBcQfUyQ,3
d_TBs6J3twMy9GChqUEXkg,gugN1sgyheBJ6aKtNcv_gQ,2
gn9jmujma9SyDirweX1c6g,dGKJSlgxNGECPIlwcf-sCg,3
SyyYQfNQ4a4Lua5RBlggmQ,Ay34xZOFax3X23zaA3nwdg,3
9ks-80ZxeCZWNObzEbW4-Q,lIDgEB1HnKAq03H1fpjzLQ,2
WPcEBAbrPZxvCGlvH9XLsQ,SueEpC916vd8Lo3Lyl9_pQ,3
khyig4aF00tZsTYw4F4GLg,hrhtWc8UcoZqYr2d7YPgEA,2
lsZlV02ZdqEzR-qILdT7Cw,C1jQ5CbszJkS_cyWgaRVGQ,3
eZfHm0qI8A_HfvXScwIYsg,1BrIPwRhJHOp6yBwjoRtgg,2
HRyFtrmf19GTKEM_kOa2pg,UYh1N1xQhOh-a7nX92xPzQ,2
8Ox2EA8A7FVSzVEM3TRn7Q,EjzMHfwqAmj7BgdzQjquRQ,3
m35ODBrr76JYr20nxoMg_w,CX86HjLm-fK8ix0xe5LwiA,4
_t3BJzyGaqr9mcDazYiYAQ,B70iTJjcPkuYn8ouUewWgw,3
ELcQDlf69kb-ihJfxZyL0A,Noi53T0PWNEN9mQRS3-Ncg,3
uHZxYHgjxhXY7PS6g2rFsA,S-oLPRdhlyL5HAknBKTUcQ,3
f_5VRh79aew1cVWUmC1PJA,3oTVApC-eUzpGjrOVxIr5g,3
lQBZo8_mm80dbwI5bo5c_w,6T39H2dGUnrM91WqvR0VcQ,3
45mRoEbA_IvHIyUHpiABBw,aqwn3jdQLCWnb59gHK4nAw,2
mR0N5-ypFf2lFZn8SJ-cUw,02EYqwh47uVxOaOKrnx8SQ,4
sOudRDE_R3VYni0rEYFkSA,mnwRtuVQEsIUomBchu0gwg,2
N3oNEwh0qgPqPP3Em6wJXw,Qb4sJ4ssSX1clY2wEAOmsA,3
xiaJ1lug7dz3EjwF03FlrA,tz30FR-yQi-jNHPb7B-gBw,5
ksYpOznbD-22wYpTiacHwA,aNe8ofTYrealxqv7VtFTuw,3
HEvyblFw4I-UsMqgPGYY_Q,GSiAgRigPwSvXeR7emLSiw,3
rt3PC7WCgCKsoufmQJELfw,4qG3Gh8QyugC1XvoTlmgcQ,3
7vyw57vXvZl1LAXK4vzQtA,zU9w_xRlQSRIYXxGo-HSOA,2
OvYN86BmZyP87SaTO7mHkQ,RTegy5CUBpMK65pr8UeDgA,2
4xyYBC5MIe-GfDj6kAdAFw,XCxxPZ3Lu5mwmIo7IQRf1g,1
DWfos3PxcrkqAJoAZHEg3A,8K3CRM4COa0SSBEvli0fJQ,3
ewDNa_FRoG71UFm56eTGkw,4VkLiFoIEjTTpbCRgxjnCQ,2
0911xXCgLexupPGkDJusLQ,wXRhRfnXaV_icpT5P8r9pg,3
QTZvgss0rIfPmauPaSj2nw,6nKR80xEGHYf2UxAe_Cu_g,2
WgbocVhRcRXHwVyi9kfI4w,rqWIntPaV8TpJvgT6H9UNw,2
rNjgVKaBh1PlUA6dYB6EUw,tEaW0zgsYihSTjysrpXaWg,3
aQJtyvmZg3kCd-tfZ6PLeg,NWioeR6MmKxgYD87EL56wg,2
djxnI8Ux8ZYQJhiOQkrRhA,WYw3Uf56DT5IwpaLNnCH5Q,2
OIgSMLPKe1PDtP5I-1FrWA,WmHRxbW3m8cngS4e6T8Cnw,3
U4INQZOPSUaj8hMjLlZ3KA,v_yCY6NCwxCPIsNZR80UfQ,2
69xsJFjiOAd8Ld7WWk_tEw,trKyIRyjKqVSZmcU0AnICQ,3
u_wqt9RshdZsoj8ikLqoEQ,DkYS3arLOhA8si5uUEmHOw,2
SxMBY64n31UHPjxzIastUg,IRd0jvnfJ3tV6AMlYMajzw,3
71EYh6W8BIPdOUB9ITk32A,cePE3rCuUOVSCCAHSjWxoQ,3
ZQYNombDho1PYfnEWFZevw,u-SJ5QUwrNquL9VnXwl8cg,2
eh9uc8xHYR9-rki7fWggQQ,lIDgEB1HnKAq03H1fpjzLQ,2
Y8adrWFzckrjuC11aAs9Og,cNx3qzQ55JXpjZEt4lc7Tg,3
p30VbeNZC6mzRUTL6lg69w,HhVmDybpU7L50Kb5A0jXTg,2
U-nR7ND8CDN2x8ia73CH2Q,nvBhlpH8TWbCl70_30gqxg,3
xVfK4hxPqr57SRleHT1U5w,8K3CRM4COa0SSBEvli0fJQ,3
cMEtAiW60I5wE_vLfTxoJQ,f30-DOoIxvoV9btiDvKMTw,3
o68A_3bAJTge-ioGXHdxKA,q-zZgXKAQFLEgMp9ZNllgQ,2
avmRUkWovTsaDqKiNKdivQ,p6EUf6c9GCfG7seS_wfFyA,2
xR4engcg6Vm8xToBgKI5FA,-F5mm0-YeCI7viSiOwVAAw,3
BI4jBJVto2tEQ0NiaR0rNQ,KYZZhLg1e5I5M4XuVMv2sg,3
EqXooCH8CV3yzATS-mZvaw,bIzoX_6PNnpxPiwhJeUMfg,3
1PvDk9-siiBuDSt73Jgi-Q,ebEP_MZngIWKH0Ixobcqhg,3
qPVtjjp8sNQ32p9860SR9Q,jBs2HmEOkqCvdHNnw3N-og,2
mEzc6LeTNiQgIVsq3poMbg,Ec9CBmL3285XkeHaNp-bSQ,2
quDu_Z0-i9TCYvdHRnULEw,2B46bRpDh49eDyjXGhL_ZQ,4
qOn1VFThKD5y5zrFEQXpGA,PRbIMseOwPCCRv5C4SfTDQ,2
77lef7kKkoOVupY-7AmieQ,zcScEL0WEdFkROcnz5379g,3
iDlkZO2iILS8Jwfdy7DP9A,C8D_GU9cDDjbOJfCaGXxDQ,2
U4INQZOPSUaj8hMjLlZ3KA,j5nPiTwWEFr-VsePew7Sjg,2
WfZFj0OH9tuOdxEfSaM1vA,Iq7NqQD-sESu3vr9iEGuTA,3
quDu_Z0-i9TCYvdHRnULEw,Gt4z3AylNTsEPDkzkaC7HA,2
byV70bKT87SHgN0uRtow6w,axnI-1l2a_kydvL12-toIQ,3
rYPjqZO89ABei1fsZBSUbA,Mh84_j7YmRrAcm0DWV4bUw,2
5aPp3PnDs50CfWMapd7yEg,Mul_BVwcnhqmp2h_7QFepQ,3
kjeX2RXvW7RhBbD2QLd5jA,7mGZrCzGGjS95SdRtEaGcQ,3
RUn2C1UgxiY1enPzYG5OyQ,siXCBrVFOXicbM2R-33-8w,3
oeAhRa8yFa9jtrhaHnOyxQ,MQI1rSTE2LGrrsPPgenCrA,3
2vJ2e51kdbdAmAo_HTr4KQ,ZilzayEdyk70SoI-wruJbg,4
Q6Dcxo3_lNCzkqK7J3FL7A,BTf8sELl1TjovRc0f-tgJg,5
qNeMBnzJc3Kwk8Z39TDZEg,TmIucPRTngutrjDpC0nXgQ,3
9Sc7vPSSdC4-Kkm1uzB57w,QsJ6orXv_VB7xz-MpqHzSQ,2
JQIZhoQB-Tg9hdBEj90m4g,0pIhgokp0NeM9h8oQQULOg,3
Dgk0Wdoh7HPjhKQEPBU_jQ,pJGfdoRYWqBU1aVfxWvThA,3
xRpAEg0M0azAPuKVg7WtgA,1bdwB6hxMUnSKF8bCsmuZA,3
8ZryN_S-n48g6rsa3W3QtQ,rcaPajgKOJC2vo_l3xa42A,3
8dxkcmAXY4ttrVFD1GhbdQ,IVnGPHdTyu_GbLo9mXj98w,2
YvqFcX5s0cHhqAFrXvNOHw,qgAZPDQStZP_Y5XTiQ6UqA,3
KBh4r16e9Grc1HI9pG4wTg,He_4k_w_8bjWnoepahS2zw,4
wwdamcY73iJTyhl-3gGOJw,V2oe1HVgNK0He9Mf3Q17AA,3
pKn_H1nkgrwJS6TuHODsvQ,k1QpHAkzKTrFYfk6u--VgQ,3
rLl5jjjUK1crVfzbXoQrTA,HkHTdTvzbn-bmeQv_-2u0Q,3
Rzf35jKV8e8EJdssrae_AA,AMN3Sgns9tB2x-b3eWk0qQ,3
bhJ6ivAuSpgXP4JiKWjSZQ,-Ylpy3VyRWwubf9dysuwjQ,3
rPRy7N3WCD3sVCrF60OOnA,5LNZ67Yw9RD6nf4_UhXOjw,2
n0r_0HkCFaC175vXtIVcaQ,SvHAczHxIJ00QlJ9ovQR8g,2
bxBR0vakC_OAU-5rCYCDsw,QYIhMNwxXejDoCr-F1BxDg,3
YE54kKTuqJJPNYWIKIpOEQ,IJUCRd5v-XLkcGrKjb8IfA,3
FRxGcIRukrH5lW2SQSxstg,7sPNbCx7vGAaH7SbNPZ6oA,2
jY1shXf_LQVhSoUyoXqQRQ,UV2Jt8slktGu14gLZeNCjA,2
djxnI8Ux8ZYQJhiOQkrRhA,28adZ4lsuUeVB2aWzohK9g,3
EYwvNonD5kUGGNRTGjAAHA,gTw6PENNGl68ZPUpYWP50A,2
QHX3NxFAlda3I32taYzI8w,pHJu8tj3sI8eC5aIHLFEfQ,2
-zrXNYGN93L3DiujE7zABw,cs1qJvnWUg_f8g020z_3PQ,2
DPitNu466172os6m0Yri1Q,-050d_XIor1NpCuWkbIVaQ,3
Olo_x4fV1sFBtlj6COf9Wg,iZMdwe0xebE3rF0x3LOr4w,4
iL_CR-WQnveqrff9LecqAQ,UotZUkpcI0p2J8RUAD36Ng,5
3nDUQBjKyVor5wV0reJChg,rcaPajgKOJC2vo_l3xa42A,3
AY_cjY1bRAD-I_K11dYvOA,JQYkVnUzS5vgFxZgCuW7ag,2
cMEtAiW60I5wE_vLfTxoJQ,kPorLswaS8h4xy-notLk9Q,2
U4INQZOPSUaj8hMjLlZ3KA,i9D9xPBV0gR1Ja9kbY4NCw,2
jyz8-hAPGRjurBVp9DST9A,BTf8sELl1TjovRc0f-tgJg,5
PV0VEhlmhc2BjzMZEbpWlg,_hML_SleB40KkUrMHOZ_-Q,3
ObQl16Vuc4sHPGKtzSGNUw,cgZOP1ZUBOZmEQMSJ53oiQ,3
QCtHk02W_Asu2LFfdmGQDA,-IWsoxH7mLJTTpU5MmWY4w,2
v7FPnMzdbl6J7U_8H1BWZA,rW5N-fiNhqb-fR3bGqyPdg,2
kjeX2RXvW7RhBbD2QLd5jA,Yl05MqCs9xRzrJFkGWLpgA,2
z4RytucxI_XfcMFaEI2DRg,qE7fsNN6JR4QirojnMJVCQ,3
wTfb2nfzPIyFcYQArdPtuQ,flE7Sn2JGs0n3SAtaep6Zw,2
48vRThjhuhiSQINQ2KV8Sw,zEaGcSVPDQipnRdEZp-F6g,2
9gZ4pQHdK6v8xMLig6EEFA,X5uxdU9GHoUAqo2wmbg3OQ,4
u_wqt9RshdZsoj8ikLqoEQ,jKrlc4xQIvfzDZ8eNfqxwg,3
KmBPYlD00BupKSwWxOWA6w,gO_z_5FQVHLCiJjOsfE1fg,2
wJgtf18VKKZq9A6ZQUybQw,Wnq5to0-jXyh0-_jRZ6VOQ,2
pN6pzJR6mK7549M0azoaxg,IhNASEZ3XnBHmuuVnWdIwA,2
3cC726zwgerKNNasnidAww,yZAGhlsrmupLbrgdKm6reg,3
sa5zd7bwBQzajQB48Y9SUw,qjLlFfu2pnJ9lVYlj-4QVg,2
h9RUaaHa5kcQKqtJ-sgS0Q,cPmThZ7Ugpd8eJnIObOy0Q,3
-C-l8EHSLXtZZVfUAUhsPA,lIDgEB1HnKAq03H1fpjzLQ,2
6rGVoAI0Bl8ZEbMNJWOK3w,b_8jCti0vuouJ_fjZpdmZw,1
rGd8YUtvhSdMm8-9cMdQ4Q,fzHBvd0HZm1yB3UIMqZ3bA,4
Ryxj0u0AW3mRsRypdYli2A,ZrXYLXcEcDvYYBErmafobg,3
renPzRDqMZpMaHiCD_e1_A,UMqfeCItzQ2glr4d9apGlA,2
pxzs-Dy2hXTis-PuNCV37Q,qPpoW-iZaAY3_3COzZcAeg,3
le3Xn9Mheb1hNxWurF7RSw,_hML_SleB40KkUrMHOZ_-Q,3
NjNJ1JLnMlOfnDI6Oz6Qew,uWECX6-Uq9n8v5ipk9R29A,3
WIu4IqktLQ6Qm46L5r5Baw,iCQpiavjjPzJ5_3gPD5Ebg,3
TQ9A1LVp6z-fIc494RsLDQ,dA7ORbBrCdxoMlvn3I6JDA,2
BqbmLC9CgThBKGc-aNaeqA,eZcCFV-8X91ZSnmB9807bw,2
S9Jw00eZHVj5_0sOM_C5Rg,aD-YA02i2xAqLBDon1tzIQ,3
l-B4axUNxQ9FVVxeQm8t2A,s0QR_loWfMC2-ihWaKDT-Q,3
6oJzbP6dqPYoaSuCNKaITw,BLIJ-p5wYuAhw6Pp6mh6mw,2
n86B7IkbU20AkxlFX_5aew,P8uECqGqXWTwEndkh-6bQw,2
G2ToQ5eT91v2hkIT7I4X7g,ixAh9crILnJ9tM8LhWFhkw,2
U4INQZOPSUaj8hMjLlZ3KA,91EhRceds781OLo3M4BDrA,3
Nhk0jTP2gkU12G4LHJVR3A,wX1ORSDKPkA5ftE7F6UONw,2
QvLg2kxqHHahxxOlHlEIZw,beuVp5CZxCdNvQIIPBS2rw,3
j-1qkha4h87wMfNfwPvfqQ,3xmfT7l3xNH5LK1dLzfvGw,2
oeAhRa8yFa9jtrhaHnOyxQ,XnJeadLrlj9AZB8qSdIR2Q,2
VZRxANvyTm2ixS6jYDGgEw,P7pxQFqr7yBKMMI2J51udw,2
QCtHk02W_Asu2LFfdmGQDA,S1N5-ZXwR4fUIPs6dLnBYQ,2
VizhcyMWWPz3UDXEBeix4w,FQB3VXrWYM_m_XrzwRozAg,3
keBv05MsMFBd0Hu98vXThQ,oXoVJ0xKv82cBo9U6oEjlQ,2
moj7DUHkP4j9yfwFm-oOHQ,VzSUgIOcyO7JmTwYDnyivQ,4
djP46l4v0TQTqhLa-ZB1xw,EV1jAj7NFNmNIqOnwZ4Acw,2
4d13xAX2jp2EbGF8I9eZZw,67X6JB3kvZ2B_p8pucgNXA,2
u0JoB0Vm1ZhwF8nysxPnfg,Ns20WGWn6s6niKAGIQB4UQ,2
LP883AysBJqOAIzQnIvqnA,fT6Uwl6abRQfiNgxre_qbg,2
SRK_sUnvRmMwfexoL_DLQA,8nP8ghEpT6WFcM6tfqAaGA,2
Fv0e9RIV9jw5TX3ctA1WbA,0_aeYE2-VbsZts_UpILgDw,2
dOfw4EqYemgl21qtJ8D9jQ,iPWlBvIjyr9-xg_WbL-Z1Q,4
77lef7kKkoOVupY-7AmieQ,dEAk-gE-5Q95a7p91gNn8A,2
5V8eXkTJb6IejJkMDaj_Bw,C3gKBIsZKR3bp43BbOu8qA,2
MMxRLgkd-MgwowmggmR2Dg,UYh1N1xQhOh-a7nX92xPzQ,2
rt3PC7WCgCKsoufmQJELfw,4qG3Gh8QyugC1XvoTlmgcQ,3
iSC96O2NjQc3JExGUHQG0Q,LJt-NO2FhvQxTmBoaaLhTg,3
YqMpcRUA0OMw1WNLDGoj-A,_u1Bq7QsgMUXSMex8QHqLQ,4
zwhty_ZmxbHAHoDfMjNbag,2SfSzEd3B7WimeZac23zhg,2
7A7FOLZZKL0iokQVOAEbgA,3cHL1r5w2oLYH-veijtweA,3
c8kNzhsoB2_YEn4gMWNyFw,WpI5MZC3XzlTpcUOKXzCbA,3
3NW_sfFhRFxxmo3x4P7Dig,GC5wcui5uejRZTi8OCNPkQ,3
aK_IdNCJUdk2haKC3GuM_Q,y4ETe3DkcIjjr_eyeg5U5g,2
_QazmMfEfX6lcpMH2Qmcjg,ruWTngdiC68O9la27hvvHw,4
ciS2XOo391iRUR2DUmSEWw,X-8PBiSJXKQblMOcWFthcQ,3
cty-VP-wvpUbsa-nPGc1CA,EEGajOchS2BIZNvJcPK3uw,2
COjPTDD-tFr73Gly2xL3gw,t_HzheP4lhDUrYHrthQGrQ,2
epkRB3J_oBEiyiwahvdmGg,2iTsRqUsPGRH1li1WVRvKQ,2
LNPyE5X1K5B_flcTCH9StQ,I6EDDi4-Eq_XlFghcDCUhw,2
zQTEbn5nWGPypxOf2uRPmg,IWN2heYitkg-D4UdqfxcMA,3
WJhQpdUHoFCtpU6gHFjVlQ,JyxHvtj-syke7m9rbza7mA,2
Tsm8VraTp5OGyVALtUiCeQ,0Buxoc0cRqjpvkezo3bqog,3
Tsm8VraTp5OGyVALtUiCeQ,6GzwaQeb3brmyBucng_WPg,3
EyYVD9n7PlYYLTSEQ5t14w,bNqBMZ00lnhhfxzV8OhLfQ,4
pgUQjUl_2G5L9EreDzIjSw,-4TMQnQJW1yd6NqGRDvAeA,3
uc9ITBuspRFkl-S3Bo90dg,LFs5jyYdXlzi0SpAYi1eSA,2
HJj82f-csBI7jjgenwqhvw,fL-b760btOaGa85OJ9ut3w,2
l8N9a8BG2G1PHazbieOqng,kICgNgVRkIh4doz0atyMMA,4
jlu4CztcSxrKx56ba1a5AQ,TR0-w6VoZDAdvFQiq7P2Ug,4
KTK_ws8lu_TWfR7DtDWjMA,OY0-hYJ2q6WiAqhYnCZZ0w,2
lyfYBqtDGJJ1c98pfLUcLQ,DxgSVufr_6y_Rc63CC17Zg,2
fCExFIeu2BT35FSx2Yz2aA,6kkxRV8H9SQLybj0xnEbMw,3
ssz4_Rj8p1CLgO2WWnIoTA,zoODlH40edpJYLPLkHilNA,3
KxRf-umHzdz5noKH5Cg6Mg,UPIYuRaZvknINOd1w8kqRQ,2
32fRc4MMk1uk2JEEM7OmtQ,2c9Vptks_vowLgVUMnCgjw,1
A2JGzkvNjckSmps_4FbKWw,oZcbn7ENit23xbCsyu9xbA,3
kqNJHycpOMbTLeEpGY5OnA,qi6uzJEhA9puZM2io46-_A,2
_UczakmbJlCal7mCXuq7og,dEAk-gE-5Q95a7p91gNn8A,2
LWinqJdSeptUcP2jPvryhw,sQV-yfhFjeRWnHw66n8qrQ,3
fVILhIglx6RNOXQba5t4kQ,n8Zqqhff-2cxzWt_nwhU2Q,2
PomQayG1WhMxeSl1zohAUA,FSnqO-YWUdRb0Xc95nXbvw,2
CEoMgtYwcskmU6VOeDAwVw,cs1qJvnWUg_f8g020z_3PQ,2
W4ZuWztx47aiksyYPUMYDw,pTZ4u-sEQr-yHq2Cl4EMEw,3
SVcQ8yqaLDmjMwPRDwQPaA,0w3BdEOxvwKTpypwbN5kiQ,2
pwQ8E-hbDUJe3qtKt_IBBg,Iq7NqQD-sESu3vr9iEGuTA,3
Ao-6FYE29-I8WwPg67806A,htQgj-ANQpZGpIpkkrEmyQ,3
nPXVprOV3ioobtAc_s7-CA,WmHRxbW3m8cngS4e6T8Cnw,3
dIIKEfOgo0KqUfGQvGikPg,AMN3Sgns9tB2x-b3eWk0qQ,3
eOIMO2wT_WbNqmavhnCRxw,7SJoMX5ti-VoEsEW6mJLRA,3
_VMGbmIeK71rQGwOBWt_Kg,UV2Jt8slktGu14gLZeNCjA,2
8OeTLey-p-WaL9ErNEci1Q,hCsJv234v62MgdsUU1j8dQ,3
WM7MFrRP-7YFuGBAJ6quRQ,MX2OYa2sS5ys_6AiK-gs3A,3
PRJMe-RgFnCEhyy7tf3DmQ,-av1lZI1JDY_RZN2eTMnWg,3
leyNDNVu09Ldbg5ujPWMhQ,ReyjVKUEVKZHmlrBxu_h2A,3
hd-S4mtrPY9Q6iuBJegnOQ,lF4pEu4_55SSFEo6Q58ftQ,4
wXZS42D0L8hoCiSh2Krc_A,FNe5PPA9pyj8FjcDefCBpg,2
8QKrhvVqhEkD8xo4E4s0GQ,I6EDDi4-Eq_XlFghcDCUhw,2
cg_GpiWsO0xKbk1864eKaA,qPpoW-iZaAY3_3COzZcAeg,3
tFSnxUGaNa2pwb4zClBu_Q,yNPh5SO-7wr8HPpVCDPbXQ,2
eguB3eXzLRK3h40Oi0Iw3g,ibFdignja_hNpgCjDYP7Ug,3
A2JGzkvNjckSmps_4FbKWw,-BxWyEIQ6wypT-37MzZizQ,3
fVILhIglx6RNOXQba5t4kQ,GHS1rVjO-RMcRB6WJLpCDQ,2
NjNJ1JLnMlOfnDI6Oz6Qew,ZgWjkMSzIV9fAuJJQXSUvA,3
Wi0VgIrbb8vqU6weyVw6tg,OVTY-NpcTA7iXbMQmusv3A,2
W4ZuWztx47aiksyYPUMYDw,TT4XW2WMG0PNyUIFBIINuA,2
_t3BJzyGaqr9mcDazYiYAQ,nHFJtud7jWZhM9dHQ1eIRA,5
hZfzVrhsCQ9JDAb2jYoJNQ,C-u6Ywuq192icOblKm6oKg,2
XMy-OTpVY8O1L-8w1zOKcw,-Bdw-5H5C4AYSMGnAvmnzw,3
Fsl7fnXttgugpoyuCJ0zkg,ui3NMjdiIrILl9JFGcLfbg,4
p_azadim_uWFOXAhhKB3ag,iAuOpYDfOTuzQ6OPpEiGwA,2
ObQl16Vuc4sHPGKtzSGNUw,DW0ZvWuYaSvMcB_3LG5RGg,3
RQlnSCjuqMnhR3Qk6j4KoA,dGuVYsA5DMCm_TjSbX6x7g,3
0o8HUzggoNKay9-ZMj3HqQ,Vay9xHwcvu7VRZOddBgn-A,3
w15NByGsVedQLmpydJ7gPg,dEAk-gE-5Q95a7p91gNn8A,2
lQBZo8_mm80dbwI5bo5c_w,f4x1YBxkLrZg652xt2KR5g,2
i_DR3vdE73nVm2GlMbGpGA,6nbPXEjmBnDtsgM_YNwGjw,3
RBZ_kMjowV0t6_nv2UKaDQ,wJY74R0zAgjxvBf-d4gm9g,3
3rsZCoTmr8EM7DwtGm_RsQ,v1AE1LLWDOqe8ubOzqKADg,2
YwaKGmRNnSa3R3N4Hf9jLw,N6MzDoao6s68nAIW8vS9dQ,3
YfcXpAQtz0n84aqw_CtNvw,f-2pMptlB6cWaWnU7zYE_A,3
diYbASjeqV4CxkoyeBeBGw,apdb7MGnmnx6nGWBJ0ch_g,2
XNSyl47aXuPsvC5zXm5uhw,zOL260xaXDYZZPBItzALxQ,3
orh0HRUNCWuQMt9Iia_osg,8I2XBrjf4rOEWx7pnKpVeg,3
8drMKNHWavs2g6uf0pLtvg,YavRvjbLsvh4DYDJPAfJIA,2
A0wA5x2BMj-5l2sWn1hxYQ,n7V4cD-KqqE3OXk0irJTyA,2
-nIVKbFxgBMHPVRJV2Djqw,OtGSQQzV7uF8XPAsNIh7Bw,3
_ijx1PqANQVFLGNWCibdig,SVUxmYs6_TvX5kWv0ok-MA,3
Yg08tRMxm0eaL-rXyNIAHw,a0v7Si0DK4cIko7AQY4YXg,3
sa5zd7bwBQzajQB48Y9SUw,JyxHvtj-syke7m9rbza7mA,2
94HchNwPr69BdrF0On9uKQ,D3dAx-QW_uuClz4MambeHA,2
Kq_Cg-INSv4i8wNo1kDF-w,HQcel0uvg7N7KfhHJChfSQ,2
sADnfWdDNhHnrox8vc4Kkg,buTa1akbH0pO_P10v99_eA,2
Ad-v2Z4vvuzxZxbpywIm0A,iqntlaqSCB4hkzTzlPlEmQ,1
Y_2jMUKz6pvJ0JSWG3u10A,cTJjTKz2huGZ-ElScC2pSw,3
S5Eld1fZx6D8d9i5YbFOaA,IZNhxNgoIQL4tt0Ync8g4Q,3
nWh05uXTfV-L7s3iZon4Fg,fT6Uwl6abRQfiNgxre_qbg,2
oqTZC9WriodTCby6jl0LfQ,Rv0UdhYw_UVIv4D2lc-qgg,4
vWP8-aQX0rYJszqkWVL7Ew,E0OKctOhZpUQgwUUBc_RwA,2
xiaJ1lug7dz3EjwF03FlrA,YSYDJTCt5kzY2kKnLNGRiA,3
ED7dq2rT3IWXjSl58CR36w,qnyTJ39UXke3aAS0gdWsww,4
wxQCLMnuVYbdtmQCc2ryZg,cePE3rCuUOVSCCAHSjWxoQ,3
UJJYM5ZFG0imgJU9wQUuEw,0LhYg3iOF9IU2Ut8IL84TQ,3
8QKrhvVqhEkD8xo4E4s0GQ,VsewHMsfj1Mgsl2i_hio7w,2
MqcfaSdLXh7H1Aey_HPUsw,5LNZ67Yw9RD6nf4_UhXOjw,2
Ur4u9wfVtacMnYGbo29ZpQ,2_qLxCT0jHM8Xqk6PEwrBw,3
8DEyKVyplnOcSKx39vatbg,YkOCo5ipV2he2WXIAlZb-A,3
Ii1PkdRpONUNwKC3lmhl1A,iCQpiavjjPzJ5_3gPD5Ebg,3
GOTjwdXD6bNZ-_qjY7GYYw,vT812nRctS62PVxUverayw,3
Q7IoE5m2heQKThuVq3SYFA,vl2IZrNJEA8npSjqXbdwxw,2
NS3B17yHv2lBJfGuwSmVNw,ZABjbfGvs6E3Gc2hG8cKJA,2
qeemN4slMyao8ZE6Pc9Iww,DKXUkIrFnMUMF535gf-dPA,3
tXhscxwFTd-ayLTdPx_2yA,Az_60nNuh1FH8Ds8oasZjw,3
q6XnQNNOEgvZaeizUgHTSw,Kbbm6Vd5UdbP10dwjBghRw,2
q9jCDNZDRUYl2Pwlgxocig,C9ImzBi5fn742ZcAYDww2A,2
pI_njybTKxqScZ0-60mI5Q,uBBiD1XJk697Qcr84MIbKA,2
JaqcCU3nxReTW2cBLHounA,HPLB1Tr8ZB5UkD-2umKPdA,3
YMgZqBUAddmFErxLtCfK_w,ysv6yhVYOoH9Pf7PlMyD0g,2
3nDUQBjKyVor5wV0reJChg,Ay34xZOFax3X23zaA3nwdg,3
T1TI-1x4TJB7V-nJhaP_NA,zT45hBptOygpgCddHZRsjA,5
bC3aSG_blKqi7Ge7-vtULw,dcqHjnmKPDdOseYEo6SdAw,3
_pMzR6yoPbU98t-NH8TZ3w,TmIucPRTngutrjDpC0nXgQ,3
pxzs-Dy2hXTis-PuNCV37Q,auTNigMttjBBTj1MNxOeFQ,3
4slxBUw4gqvUpMynoUN6dg,ZOmf-3NN4Z59b2Fw6VAM7g,4
Mfmx6DSGOrJjr4jeWmqCuw,BnpuVvPy3sfLlkqKCx6Xnw,2
7VsihmrVZJzUSL_VqjEfzA,AtD6B83S4Mbmq0t7iDnUVA,2
uwZw9bPUGDqpZh1vwK68HA,_3FxLxdg1unUQc3QqIgJuA,3
ocB1WhramMTkICc5sZ1bUQ,OGFBCNUHJ-182MbnV6NTvQ,2
tH0uKD-vNwMoEc3Xk3Cbdg,P7pxQFqr7yBKMMI2J51udw,2
keBv05MsMFBd0Hu98vXThQ,N0CoaG3cBrTGm2ecLYSzqA,2
aKjdaXHZtUwU-8pr6hyYqA,RqOgBMpKYdsEOmBVmFXe3g,3
SxMBY64n31UHPjxzIastUg,IRd0jvnfJ3tV6AMlYMajzw,3
vepRbwKOq3KuN7VSB3PEcA,YJ8ljUhLsz6CtT_2ORNFmg,2
1sGYXSkJHPhJ6wQtc-RbZw,4JNXUYY8wbaaDmk3BPzlWw,2
s2o_JsABvrZVm_T03qrBUw,dWrezcuIAO-Ckx1W0gu5jg,3
HPtjvIrhzAUkKsiVkeT4MA,QHZw2L6LV1qmExNJbfhIsQ,3
owlUazXSDLaxlOV7z8181g,OjApDLQUPV8c_yPCg8xZog,2
xNKjIktegMyHVSXFznJTRg,bSY97kgQpJ5BrpgW40V1qg,3
kkTOV5bnE9hHb5V_zd9b9g,qVO3l9Q0-KVQE7W9JL9ePw,2
_VMGbmIeK71rQGwOBWt_Kg,aS1qJzTGyluRT2tJ09Jbaw,2
yeX7tzZZWCnphQifRJglUg,UkWme3kwg6L9rd4tCNB15w,2
ugNQV0isqQSAuuGzoK87sQ,eoyvbnRYQe-z85e8Rc6vAg,2
KrT4LHYdRt-m1DMPtVKN4w,Jur1iiejUFw_YCkfDfy1gQ,2
SRK_sUnvRmMwfexoL_DLQA,7cK9uEV09iPmsTqOqmY3kQ,2
O5VAQ-dbR2Bk0OZLL1L0Ig,3T0Erqk1MKtN58764yZMfw,3
f0TN5yZ7JBMKIzr3hSuwFQ,KYasaF1nov1bn7phfSgWeg,3
owbC7FP8SNAlwv6f9S5Stw,5Zc41a446gV3K_o7CDs69Q,3
z8wN6EQuw_JF-zTjcNgsLw,_pBXtjN43eqMV0XZTz7nmw,3
QHX3NxFAlda3I32taYzI8w,jKrlc4xQIvfzDZ8eNfqxwg,3
pN6pzJR6mK7549M0azoaxg,IZivKqtHyz4-ts8KsnvMrA,3
tQVTyovdm4doXxDSkfYUUw,dEAk-gE-5Q95a7p91gNn8A,2
WJKocp9RE0KatUwh3_DkGg,Vay9xHwcvu7VRZOddBgn-A,3
6w6pXL1N1q9RkmG6b4Su6g,2SfSzEd3B7WimeZac23zhg,2
_7PfR6Tvh2xTbiVi1GELoQ,z45xS0Kc6GpiITwrpkRVdQ,2
yEmeRQb4WH6NN0IAaTX_lw,2sx52lDoiEtef7xgPCaoBw,2
cMEtAiW60I5wE_vLfTxoJQ,cKgUCzMGuRgkbKXUsgeXUw,2
zSwb7qNpSgU3ekHMpiHsOA,oZcbn7ENit23xbCsyu9xbA,3
2hPB83XGvb3InsZQwAHmUw,7mGZrCzGGjS95SdRtEaGcQ,3
o4tYl3Hz0oDfpNn4k02DCw,7sb2FYLS2sejZKxRYF9mtg,2
SCo1UBoeN3bhRMkSYuiX1A,bk4FIHt8ODRBPfqL4Fd2aQ,4
cty-VP-wvpUbsa-nPGc1CA,JfHXzulF6yIKgA22YYPedw,3
kjeX2RXvW7RhBbD2QLd5jA,BxKxFHXG4B2h1MXK8ebHZQ,3
fiGqQ7pIGKyZ9G0RqWLMpg,qjLlFfu2pnJ9lVYlj-4QVg,2
F_5_UNX-wrAFCXuAkBZRDw,4JNXUYY8wbaaDmk3BPzlWw,2
ZsjuEgOdvx9l5GKZdtwYIw,_Ad2ZKhUl-krJFpaZ1FI8g,3
Apj8bnqWlnaiSu4YDl0wDA,IhNASEZ3XnBHmuuVnWdIwA,2
wxQCLMnuVYbdtmQCc2ryZg,wRPPrmpvYowLHXmftrT5YA,3
b34yOQoUDev_l6BzDBMpUQ,-YYhUIdX-oJoqwd47sAJSw,3
cKqZk06hmnX3UrEzzfFVkg,G6w_9uzW4o3Oyb3z8oOZyA,3
rLl5jjjUK1crVfzbXoQrTA,IRd0jvnfJ3tV6AMlYMajzw,3
rn2DB_YX0BvToYe50RNr_Q,8mIrX_LrOnAqWsB5JrOojQ,3
PKEzKWv_FktMm2mGPjwd0Q,KmuLLSyZJdNoarwcIERHcw,3
dXIO-WFQJ8pwQ5M2STewZA,K0j_Znzin0jShXVnpvW86A,1
OPN-dDUBkH7uH-G8nOnskg,DymZ5vpm7vkSsR__-4sflw,2
_AwABkxw1joJPXn-j9dNiA,cOKf37Wb1oKc9X1Q5GHxsQ,3
BpJygDyhzDf7Pw1Is_5zSA,-yQHIYKXH3HAdhh1W52OMQ,3
F_5_UNX-wrAFCXuAkBZRDw,HoKXKkW8oC9q8XnjKLulRw,2
1JEXL5K6VTx01tAs6Jskkg,679eSYC15Sc17TN9Djj8sg,2
lXZ7aziyUJyA6V0FlIR1Wg,t33qVzQ6AdSiq4lnI0KOyg,3
CQZpblGIHeMlD7KqNP7J7Q,vx4YAA02Qz6khRD1fZ1MFA,2
Mho2GibREwsPesKEyQbt8w,v015pusDxymYrTi_l48t2w,4
quDu_Z0-i9TCYvdHRnULEw,wRPPrmpvYowLHXmftrT5YA,3
O3pSxv1SyHpY4qi4Q16KzA,ovnqQaQ8BsPgDoJ4nlYBUw,5
k6avG6pxvPQcSxFZKwWI_Q,NIOwzgujIXKVBEVNTQBXpg,2
QG9ZJatKSWj5p5VrW3cfMA,cs1qJvnWUg_f8g020z_3PQ,2
jL41h4Ez98PZfqiKzbbY1w,CUivTcULsu5MJIYYNVm1zw,2
26WgdHfEjWj4BrN-cUNhVw,5XVabANkehj7oH-Z7YZkwg,3
njUgJcn8ZN0BdZdNEswRwA,_3FxLxdg1unUQc3QqIgJuA,3
RQlnSCjuqMnhR3Qk6j4KoA,E83nSU_y9zedOzQnkTjV1g,2
URPjW8ckLuLDLR02uuLpTg,HpRsWkYHu-pumsZ4O_Linw,2
zSwb7qNpSgU3ekHMpiHsOA,Bkkwt8E9MHvgCHn4lUFtow,2
T8LqkYbwMPZmvXSsUfN8sQ,_n3w5BK4-k7iXCWifCjUZg,3
FV09hP2Nq6s_AwUWSkGJeQ,lOQPeguczAueJnLmDUTfGg,2
CZs1Eq7t1fqpXV1yox-CVg,K1ekU1q26tNrImHrt3rr2A,3
0nqshyLgABOSyTfJUTthjQ,qVO3l9Q0-KVQE7W9JL9ePw,2
f0TN5yZ7JBMKIzr3hSuwFQ,7j5yndEexyQn9cpVXLIIpw,2
AuvaQaRHBowFaFtoEMqkVg,xTlmLL2xZZ0xhZ2J16zXQQ,2
rXDqOtMie36VjQMLQdwHsA,ElWzx5_fU8S2G45OnM-HpA,3
uERlyO-ASZag6XXouCrkhg,JuNt6TkuBrMqsljkenCOdw,1
renPzRDqMZpMaHiCD_e1_A,N4BbeIbQNgtUEEMutu9U3w,2
iSC96O2NjQc3JExGUHQG0Q,02pL_Xj3sTO_lHcWqUcwKA,2
Yw5LynmZmKjSb4cuzgHptw,NXT94mdw1KWadc3q0u0KYg,3
DzyBToexbfik0zt7ppky-Q,ZvtELJTUOh0yRrPxyyiakQ,3
O3pSxv1SyHpY4qi4Q16KzA,3xmfT7l3xNH5LK1dLzfvGw,2
sCelgwFoaNLMC_A7Y8usCw,fwuvm9wWcvFwpQXzcneaDQ,2
OPN-dDUBkH7uH-G8nOnskg,tIrzcjC5_oBpY6R0G64z5g,4
-594af_E7Z9VVjQc9pJK3g,pHJu8tj3sI8eC5aIHLFEfQ,2
Xsyw11gZiltqWL5RvWGKJg,Vbal-AZnu2w6NttIKfdjDg,4
lXZ7aziyUJyA6V0FlIR1Wg,WYw3Uf56DT5IwpaLNnCH5Q,2
mFHbNX5qhG5CREr9PqQqGQ,IZivKqtHyz4-ts8KsnvMrA,3
2-XLTj0Cfd81_XlmHo02Aw,yNPh5SO-7wr8HPpVCDPbXQ,2
fj-cFMD2qheCcv3FNvMcEg,kABF0hYfAEnl166mn1zR1A,2
WM7MFrRP-7YFuGBAJ6quRQ,coBLz73uWQp1gbMQGkvM3g,3
2VRkBZBS5FO_N7yBRWfaLA,Y3aGrZR8QBlj8C2l7oEvDg,2
nGoKau64-PtetuzfcRW3jA,u6xb2aUAvX6i1WhsQWqgWg,2
M4tyqwsqBRXKAasRrFAD7w,qsJkjQoM3Hdg6Gtqp2S9_w,2
ma6206bmu-a_Ja7Iv-yRCw,-Lgj3gdQZiVngAEc1yALzw,3
XPNiTbrKL7f0_6L0lrbZlg,aiX_WP7NKPTdF9CfI-M-wg,3
JaqcCU3nxReTW2cBLHounA,Cy8XYYDrZ5wd3Bq-toXMsg,3
LDu8Kn3k1CZHY5sEq3bLPQ,Po0QGzgwFrfnGJEi_akCjA,2
pqeKwWu7n2hJuvh1I7DMZA,MNaPOkqm2vKeNG8EqkZWCg,3
vWP8-aQX0rYJszqkWVL7Ew,oxwGyA17NL6c5t1Etg5WgQ,2
gakhurT9xcjCdPCBY541Gg,SAIrNOB4PtDA4gziNCucwg,2
pu_AQig2fw40PshvtgONPQ,hrhtWc8UcoZqYr2d7YPgEA,2
fgkJ6KUlrmbKyLDQervxsw,x2JxsUlVFrcQ3FvK2UR6KA,4
8Ae52apMLbD3jhHcaQ_Zzw,9PIC380tmNYpIC3z5cvcNA,2
zTK1nPD2Hpa-ksSXsE-JzQ,C8D_GU9cDDjbOJfCaGXxDQ,2
1O638BDK_fWuxgTVJwff-A,w12x7UBSSRsdbp3ZqguG3Q,3
0o8HUzggoNKay9-ZMj3HqQ,KWBCsxyH7OxsibiY95fx2g,3
hulIBBzPsCaQDcoh_JgSBA,rcaPajgKOJC2vo_l3xa42A,3
C2C0GPKvzWWnP57Os9eQ0w,KmuLLSyZJdNoarwcIERHcw,3
yqa2qWN6acpmDuDL3U61UA,5CJL_2-XwCGBmOav4mFdYg,2
fiGqQ7pIGKyZ9G0RqWLMpg,B_WggEKFq-ZFNui8CHPYvA,3
LXEgiSBjBpWaT4oX2kUo_w,peH054eonSBTLLC5aFOQ0g,3
Yw5LynmZmKjSb4cuzgHptw,zrDi4gEaUi64lAMfJU51dw,3
MMf0LhEk5tGa1LvN7zcDnA,D3dAx-QW_uuClz4MambeHA,2
Z1Ce1N6F7vw9pKnsv8MtRA,Az_60nNuh1FH8Ds8oasZjw,3
Kp5KHBSmV-Htc9NeSjJfPA,6kkxRV8H9SQLybj0xnEbMw,3
-267Yx8RmdP6io2-qI4UcQ,UCpUOtvqR-NBWBNVMzJleA,2
xhhE0txKwQtRzgQVVdKkvg,rOqY1Vj8sQ6kL9XLVQRslw,2
2hPB83XGvb3InsZQwAHmUw,6We2O5X62J_gduXU7jvf8w,4
DK57YibC5ShBmqQl97CKog,OoYwJANV9zD-_OA4Atu-gg,3
xhhE0txKwQtRzgQVVdKkvg,_nL5u09k7J7XAww1_UJ-tw,4
86RJ2VAQoUypqdf7ZEpEXg,qNYLt8zizn--wEpT1KILfw,5
FIk4lQQu1eTe2EpzQ4xhBA,4JNXUYY8wbaaDmk3BPzlWw,2
3cC726zwgerKNNasnidAww,bk4FIHt8ODRBPfqL4Fd2aQ,4
F47atsRPw-KHmRVk5exBFw,yzmvsG3Vo-2_F3_0wHzJdA,3
bLbSNkLggFnqwNNzzq-Ijw,VeiL_tgw7dsl-7IcnOsh0g,3
w15NByGsVedQLmpydJ7gPg,kABF0hYfAEnl166mn1zR1A,2
Nw6Jza_cb0aqd4PT769Vzw,VGWEpMEkzQopS5lUNd06Sw,2
ALw8EN21lby0vWtfD6JfIw,-AD5PiuJHgdUcAK-Vxao2A,2
sWKaLjpYG6VABf23CXDhyA,XT25YpQoNDuzAZHur-HZ8g,3
VdkAX9khigCjpMGuMNWYMQ,5iSmZO0SrKU6EoXK_1M8Kw,2
NFodPTpbWK7dSymxaBiUXg,jrE4M9HlYp2AZZ7iQCSIRw,3
aD263WOD4RShoqgvVhcKqQ,2sx52lDoiEtef7xgPCaoBw,2
5uiCy0vSIknuDEHc7yHRkw,3KTY5XZfavc85u0_rLFHrw,4
kWj6AdUtkvbzhdsqRifwLQ,AfEOC5LlBeMt708QEQUihw,2
W1AFbtC37Q1RzdrKS51NmQ,eYJcI9cI6-kJ2NQpYdHcLw,3
JQIZhoQB-Tg9hdBEj90m4g,dzKDFiWLkspVBJKGfT0M2g,3
jI43jHCXx1R-gg_vYcQWww,htQgj-ANQpZGpIpkkrEmyQ,3
CNaaizAUc2c4WIb1M3BBPw,T8-8C1C7QwxzZcMGK_8H4A,3
WMMI5Q4Rmm1Rqdu0jOvyhQ,a3mJdNVP-ve3l3z9LRJXQQ,3
zFYs8gSUYDvXkb6O7YkRkw,-6tvduBzjLI1ISfs3F_qTg,3
18qEoFOVEernpVLh97PQPQ,ElWzx5_fU8S2G45OnM-HpA,3
gru76BjkRY6UQVcw_yAxiQ,mVomtOMgBxbGvdPSaF2HjQ,3
uEvusDwoSymbJJ0auR3muQ,VrGI7_nRjXpn0415S3coGQ,2
ThTUwfNAdWrK6tKvl-Dtpw,6We2O5X62J_gduXU7jvf8w,4
Xb4aKpOlHkp9dmgTa__Q4g,1BrIPwRhJHOp6yBwjoRtgg,2
6NYDXzkyYW3O2zYjzPRMsg,WDYE-OCXNgKyXGNuBjMgEw,4
y1b_9KmwNUWG1AS3CazFLA,7yYexN1Q5ShE_z1MH2TDTw,2
9Sc7vPSSdC4-Kkm1uzB57w,HpRsWkYHu-pumsZ4O_Linw,2
UrQw8IyTOAAlokN-SMK3_Q,zRqi6L1u-YmmVAHjeUbGMQ,3
1v2UxV8i_Ae64yxT17rRRg,wJft0Y8B9plFJcfibQl1wg,2
lCmvpQfFpdxhbWVM59eUCg,DqcD3YflYhArFsC4KVUnOw,3
3lUEQb9TIxOeAUtvgh7p8w,DncyhhT6-T-_g961pbEftA,3
8dxkcmAXY4ttrVFD1GhbdQ,TfabYPasZ1oOMN6JLa-yvw,2
QqRSNjWhfUFv1ZU0OnYKZQ,hIUKufhwR6Ifn7bi0-phLA,3
WU9eoIz9KCcSB4bAxhOHXQ,vHz2RLtfUMVRPFmd7VBEHA,3
r0j4IpUbcdC1-HfoMYae4w,6nbPXEjmBnDtsgM_YNwGjw,3
3CMiTAhq_o_GP1tLs-ihbg,IZivKqtHyz4-ts8KsnvMrA,3
alr2xk5KBJXHd6zVuEqdDg,x2JxsUlVFrcQ3FvK2UR6KA,4
qPVtjjp8sNQ32p9860SR9Q,_ZfjpSEO5ntk-1hbnwCR4g,3
akEFRm7rqlxIANKyTlaTOg,yfxDa8RFOvJPQh0rNtakHA,2
CG7vDoa2iGGrYQonSVn4Bw,CQk3WJtULz_xOkUM6o7wpQ,3
UYcmGbelzRa0Q6JqzLoguw,0pIhgokp0NeM9h8oQQULOg,3
z4RytucxI_XfcMFaEI2DRg,0xvdC8F0HmFpAFkJk6nXLg,2
771OWzbzelsEeSlx8QsfsQ,urkODQ1jX0qQzgbqsQjWVQ,3
91OffSkHKrOu9x76iD7Teg,hIUKufhwR6Ifn7bi0-phLA,3
-d2daWmftYumOaYpbD5D8Q,G24p1oGGfY3t-m8Z2lPCaQ,3
n86B7IkbU20AkxlFX_5aew,iCQpiavjjPzJ5_3gPD5Ebg,3
53bZ_EsXH71L7iFs5MP9_w,na4Th5DrNauOv-c43QQFvA,2
tJ1qdNdG0tZywbgH9uw9qw,QsMR_Fp9YRtDegThsOgFLA,2
5uiCy0vSIknuDEHc7yHRkw,FirWX-Ep5203TsdiGgShKg,2
iH5YQPtx1qrNG4t2-DjI3Q,I6ICIIZfZsp_J9hHmfhWhQ,2
DoRCeCcJbrsM2BiAKj3trA,pRmb8_tAP5y4YPt_viL07g,3
pgUQjUl_2G5L9EreDzIjSw,0Buxoc0cRqjpvkezo3bqog,3
wXZS42D0L8hoCiSh2Krc_A,HgdFqAvK31fB9sgBdOzo9g,2
keBv05MsMFBd0Hu98vXThQ,6GzwaQeb3brmyBucng_WPg,3
rtRVb54VIXOUI_5mT1rhgQ,ZCe93zAkxr2KOBU1NT0lmg,2
5fZk-aijjsRehb_jZJRXag,0CB7YB1qRSWLQvMbHw3Fmw,3
AY_cjY1bRAD-I_K11dYvOA,A8UtlAQem2hPDe-UfsvndQ,4
UG4EKu13JRwzRix6ESINdg,Vay9xHwcvu7VRZOddBgn-A,3
bydI3xl_ZpDZRbAQMAPITQ,jaSowNITPRRCYpPb3_pjdA,3
AL4hosjTZzsLt99egmBszA,yfxDa8RFOvJPQh0rNtakHA,2
y5YNzZwQuYxgE-jSDcZLxA,SR0Q2hAEMJ_m23O_x-khSQ,3
JmhVFueYvJe0CsUddwuajw,PVTfzxu7of57zo1jZwEzkg,3
uEvusDwoSymbJJ0auR3muQ,SqxIx0KbTmCvUlOfkjamew,2
N044aCKJv3G5WuvwT5AJcA,rcaPajgKOJC2vo_l3xa42A,3
8XKSiMpMxgdwI3qjuqmXFg,4oxLboB6UEcBxRwEjMrXag,3
OPJ0TW8tt5UanY2_YpCgIQ,PglC8rgguMIlT621p1BLdQ,3
kmE8w5Y785eZmodsx0V6Ag,Cr4ipI-tr-R8Q0NilkWNkA,2
TGSi0e7-ovol_PBIQgodOg,vZLAmpN-hTI3GCT9hlHVUA,3
1O638BDK_fWuxgTVJwff-A,6hL5p4GvffZspZaU1vVnMg,3
jo8vV5iUZLHp617cTKZ7mA,uUEKndnFbHD8mVkGiirtpA,2
MqcfaSdLXh7H1Aey_HPUsw,uh7DUWtPoZkuEE05fghJ_w,3
XEHZoTDWjw3w-gcQyYIe4g,PVTfzxu7of57zo1jZwEzkg,3
GLFFf8XbOoRJuxZxGfUd8g,RESDUcs7fIiihp38-d6_6g,2
BI4jBJVto2tEQ0NiaR0rNQ,B_WggEKFq-ZFNui8CHPYvA,3
7svBs9qqPJHPRXZ56Q3ZuQ,6T39H2dGUnrM91WqvR0VcQ,3
cggzCuDDtfvtKFp2fnLzRQ,8-_jXGGDFPFAPB4r1x-81w,2
Ksp1e9Dw0Jcog_ZBD3-45g,E83nSU_y9zedOzQnkTjV1g,2
dAfdS9l7DOMze3orptDxiQ,Ec9CBmL3285XkeHaNp-bSQ,2
_ZMD-Abvm-DHCmsOF-f8FA,LNOnYo13ggdoEGD-syYHIA,2
T5KBc5QbwZ-Oj9ApE4vZJA,dn_ipqbm7_jUz5X3rDez_A,2
YvqFcX5s0cHhqAFrXvNOHw,RwlumSqNBunw1a1LXccN8A,3
NWuFF7-HjYE9dvt_xGbEhw,UCqWJWovgeelP1OUI_L90w,3
kl_yCsj4ESbUphmpCfVvRA,1TTQ41NqKks69GltQSQNIA,2
MaxlLd0HZmCtdZ3yJ9pyJQ,WpI5MZC3XzlTpcUOKXzCbA,3
JcNSd3dXmIMVHP2CUpvMHA,y8d90Pt16Nip-B5UXWBP-w,2
C4OkiPljZ3z2XUa7onmihQ,WKPnq7NYw4IV5IG2smpd1Q,3
TYCkjEHPSJSnFb6m6GDluw,LpHi2ooFxVn5Ntttw_IcaQ,3
8XKSiMpMxgdwI3qjuqmXFg,vdOf_NWsct8jr4qYKoE_iw,2
TSThCn9RaHqYF1VknVTTRQ,zrDi4gEaUi64lAMfJU51dw,3
T_RiQ-TOeZf8N2kiCNCiSg,M30I1NPl5JuHthxo1IXPGg,2
lUPSEbFRd3jDOM5agGnjWQ,f6CTsNX30XmC8siHWYV2bA,3
YMgZqBUAddmFErxLtCfK_w,NFMD_-wFrbfdhTcdHPDCZQ,3
FIk4lQQu1eTe2EpzQ4xhBA,kmdFk8ETfXiuoS364jaJFA,2
KMQ-5KpTWIheGxlCOzowWQ,fKlr9qNoV37WQJwQ826POg,3
rPJZ0Bh1Dj-Rw6Yu3iQwVQ,5diHqpk_JSC4p8tIo4APow,2
OXSJCjKtvZPf-YPDCXcWZg,B_WggEKFq-ZFNui8CHPYvA,3
3lUEQb9TIxOeAUtvgh7p8w,iIjVO7cLD1UEmIO7G05Ujw,2
0mKUbIUXOvH0cHcGQ1KGqg,2GmGT-7QjowR1ihup3FbVA,3
B7ygjO6fbs5IhW2ykL_MQQ,GC5wcui5uejRZTi8OCNPkQ,3
e3c6w6sM8sJ_g0IlF6CSog,beuVp5CZxCdNvQIIPBS2rw,3
iTxPwAK3uqAIg1YtB2nFKw,5eK_pgro9_LxPYDoRVJnEA,2
hTZb1INhnCG8URaFywVoYQ,f3gE6ZZFd7jRBjTVgt-mAg,3
BmipmKVTx37gpfPzK7eU4A,_DPJ_PHJnXsuhYhsgBA0Xw,2
v2WrKPkRI1TikXDKAi8VFw,rNqSjfRM09T-VOjRTAF66g,3
Ko4y7jIissMR8ZGQlMdpaA,N_2yEZ41g9zDW_gWArFiHw,3
9sldtsoM9MFEyPEss0L9kA,BxKxFHXG4B2h1MXK8ebHZQ,3
8UPTxp6SXvQe6JoEbEGcyA,HeoiKMh2aPzWRq5ZQtSb3g,3
FgyvflZtqRF03j5bIrlnlA,E67gGK8yOn9kkNzx8FzQKA,2
8cf5U6sCwYPKDKyLfSi6Ig,ms7cmWkPiSBDTnz-1sv2kQ,3
ldqh2aWLTW6D2RHDCj_2TA,ZgWjkMSzIV9fAuJJQXSUvA,3
RSLTG7N0wYJhRTW5CGEm5Q,3vxIqhm2jCVjkUWtmDvTsw,1
B1829_hxXSEpDPEDJtYeIw,7xXaO9deBDh_dd0JQjA-Qg,2
dEk7mXM4npuDPmxrwPcEgQ,u6biYZCSOwyQ-WmXqQbbQA,3
YMgZqBUAddmFErxLtCfK_w,Z2iYtj0ybh_ovOyRD8bjMg,2
xhhE0txKwQtRzgQVVdKkvg,YXohNvMTCmGhFMSQsDZq1g,3
Y8adrWFzckrjuC11aAs9Og,TeggG3duunpoy__1Y2SAyQ,2
24AzZDQKHySwMQR7VQVCAg,l4pAkHCVUKAcDvo-iNSbYA,3
TYCkjEHPSJSnFb6m6GDluw,XZbuPXdyA0ZtTu3AzqtQhg,2
o68A_3bAJTge-ioGXHdxKA,IMLrj2klosTFvPRLv56cng,2
cTkwhMLSavNOO_swPKf-ZA,xvcGZGoLwWpmDMMY1VN-OA,3
SfY0jEFqBkrqq9bVi6P31Q,1DP5vHxJzCDbgawv0WC3yA,3
G-_KF_Ul4d3WGEa-G0Iq4g,BgthHqiXot2s4Sd_xcI6DQ,3
bLExVDNKxXMjjZcx3YG36Q,XvOzizKafffkMuk-tIdNcQ,3
kwIhn1_cnQeUaLN0CuWWHw,364hhL5st0LV16UcBHRJ3A,3
Y8ix6_U_R3qcOsZcLvzHdg,zEaGcSVPDQipnRdEZp-F6g,2
HK-TlD0yVA_tpTXZxfzu2w,rMrymOj6RcBBddGuOjv_IQ,2
hTZb1INhnCG8URaFywVoYQ,SEURrw7032BR15PKZ_aleA,3
w9WmBotuUdQlmuLa3XUkFQ,z-OhppazxWfHnUCzFTKQhw,3
JYcCYNWs8Ul6ewG5kCYW4Q,y4ETe3DkcIjjr_eyeg5U5g,2
ulk3n0JW8tWnQ83C7m8z9A,QHZw2L6LV1qmExNJbfhIsQ,3
iXGoQVfBXU0CrwrRBWXozA,gugN1sgyheBJ6aKtNcv_gQ,2
QTNMJ8unxkk8XT4Tl4a68g,_XN-GwzZwAyIqLKJsl2htg,2
QzXS25_FwIUrYTyDMZkUQA,gTw6PENNGl68ZPUpYWP50A,2
eguB3eXzLRK3h40Oi0Iw3g,Gt4z3AylNTsEPDkzkaC7HA,2
eOIMO2wT_WbNqmavhnCRxw,j8pUAS0qdEcPsjkqEDNbhw,1
AsYMm_O4H-mwmWbmeACDHw,TR0-w6VoZDAdvFQiq7P2Ug,4
rypcWiSNGM0suWsiSLh9xA,ajoqEHnCZTD8-8GqGLq9-Q,2
Isf8G6HPbNqEisKDjmUlbw,GdgGAINCqMXqcuKd2nKEBg,3
bLbSNkLggFnqwNNzzq-Ijw,JQLi-Ow9pg391iMzw5LSwg,3
c2MQ_LPuvtiiKFR_-OY9pg,8K3CRM4COa0SSBEvli0fJQ,3
Y3PQ5P_R7jcgiIS_1dIv-w,33Tr0eRki1Yamzleu4GMdw,2
pQdIIsbV5dGOVz_kWfMRTw,WBt2pa7k_K2LKW2OJuXG9Q,2
FQbVI3UyKlL-HfQGcRF8aA,_Ad2ZKhUl-krJFpaZ1FI8g,3
_jTNDvLNoUJFJrld7MYBmQ,YaTlfyPieOXwHH16wzieFg,3
zBi_JWB5uUdVuz3JLoAxGQ,eJNHwNoCk_hZbK8AeHDZ9g,2
BpJygDyhzDf7Pw1Is_5zSA,BOD0yRkakyxXzJmbVVAxSA,2
aK_IdNCJUdk2haKC3GuM_Q,_eDVVS8wwXcdllaW6nfLyg,3
P3B7FfBpXERa-KdxwIGkHA,eq-SNqLqUP5rAc_PZAHuEA,2
B7ygjO6fbs5IhW2ykL_MQQ,UidEFF1WpnU4duev4fjPlQ,2
24AzZDQKHySwMQR7VQVCAg,8Y5p2IQMLX6QjGPzxanexg,5
PKEzKWv_FktMm2mGPjwd0Q,DXn79Dzv8kpsMcNNKZHuRA,3
KGsXnYHvYddGaL_jyl0DMQ,YgVC9NdMji-VV05w7-E1DQ,2
EqXooCH8CV3yzATS-mZvaw,DnV2o694nhnjuRmyR39l3Q,3
Kp5KHBSmV-Htc9NeSjJfPA,0Hcks5q-DgJbDlmEWolx4A,3
CxDOIDnH8gp9KXzpBHJYXw,vcxvQyAggPqxcHwvJXvjGg,3
7nA9P6EukhTwZi67JB-UTg,0qSKZhVC_BHPuKro4QGWJw,3
rqb5abV146wcU-Z7JxfEIQ,7sb2FYLS2sejZKxRYF9mtg,2
xRpAEg0M0azAPuKVg7WtgA,JyxHvtj-syke7m9rbza7mA,2
n86B7IkbU20AkxlFX_5aew,O7UMzd3i-Zk8dMeyY9ZwoA,2
2yOofTV0u8fruuMtTSVJpg,wZukjLaf1V2dLRQap_Zriw,2
834vg5H4ZeNnnwEfUrpJzA,3Jq5LfJ5fmJ5KmuA6VHmzw,2
UL5K2rnSYIPD1LcqPgbmDQ,CauQnqZ5eowyrr7oWF_p3Q,3
C4OkiPljZ3z2XUa7onmihQ,GI-CAiZ_Gg3h21PwrANB4Q,3
N3oNEwh0qgPqPP3Em6wJXw,2UgRg5a6KmpbD_SZfhNrKg,3
xAWA2aheTP6YwcFWgmeLaQ,f-2pMptlB6cWaWnU7zYE_A,3
ZngF2uBYrqyFjXd6LvuluQ,sv694ZNBZfoC18OL5eRVuw,3
